brake,target,speed,slope,acc
1012,874,0,2,0
1012,874,0,2,0
1012,874,0,2,0
1012,874,0,2,0
1012,874,0,2,0
1012,874,0,2,5
1012,874,1,2,5
1012,874,2,2,15
1012,874,5,2,10
1012,874,7,2,5
1012,874,8,2,25
1012,874,13,2,25
1012,874,18,2,35
1012,874,25,2,40
1012,874,33,2,25
1012,874,38,2,35
1012,874,45,2,35
1012,874,52,2,35
1012,874,59,2,35
1012,874,66,2,40
1012,874,74,2,35
1012,874,81,2,45
1012,874,90,2,65
1012,874,103,2,70
1012,874,117,2,70
1012,874,131,2,70
1012,874,145,2,60
1012,874,157,2,70
1012,874,171,2,75
1012,874,186,2,65
1012,874,199,2,65
1012,874,212,2,65
1012,874,225,2,75
1012,874,240,2,65
1012,874,253,2,70
1012,874,267,2,60
1012,874,279,2,75
1012,874,294,2,65
1012,874,307,2,80
1012,874,323,2,55
1012,874,334,2,70
1012,874,348,2,65
1012,874,361,2,75
1012,874,376,2,55
1012,874,387,2,75
1012,874,402,2,75
1012,874,417,2,50
1012,874,427,2,75
1012,874,442,2,70
1012,874,456,2,70
1012,874,470,2,70
1012,874,484,2,75
1012,874,499,2,50
1012,874,509,2,75
1012,874,524,2,70
1012,874,538,2,60
1012,874,550,2,75
1012,874,565,2,55
1012,874,576,2,80
1012,874,592,2,60
1012,874,604,2,70
1012,874,618,2,70
1012,874,632,2,65
1012,874,645,2,70
1012,874,659,2,60
1012,874,671,2,75
1012,874,686,2,70
1012,874,700,2,65
1012,874,713,2,65
1012,874,726,2,65
1012,874,739,2,85
1012,874,756,2,45
1012,874,765,2,85
1012,874,782,2,50
1012,874,792,2,45
1012,874,801,2,40
1012,874,809,2,-5
1012,874,808,2,15
1012,874,811,2,-25
1012,874,806,2,10
1012,874,808,2,0
1568,1430,808,2,-15
1568,1430,805,2,10
1568,1430,807,2,-5
1568,1430,806,2,-10
1568,1430,804,2,10
1568,1430,806,2,-25
1568,1430,801,2,15
1568,1430,804,2,-15
1568,1430,801,2,5
1568,1430,802,2,0
1568,1430,802,2,-15
1568,1430,799,2,10
1568,1430,801,2,-5
1568,1430,800,2,25
1568,1430,805,2,55
1568,1430,816,2,45
1568,1430,825,2,85
1568,1430,842,2,80
1568,1430,858,2,95
1568,1430,877,2,95
1568,1430,896,2,90
1568,1430,914,2,80
1568,1430,930,2,90
1568,1430,948,2,85
1568,1430,965,2,85
1568,1430,982,2,95
1568,1429,1001,2,90
1568,1429,1019,2,90
1567,1429,1037,2,75
1567,1429,1052,2,90
1567,1429,1070,2,90
1567,1418,1088,2,90
1567,1418,1106,2,85
1566,1428,1123,2,80
1566,1428,1139,2,90
1566,1428,1157,2,85
1566,1418,1174,2,90
1566,1418,1192,2,75
1556,1418,1207,2,90
2222,2084,1225,2,70
2222,2084,1239,2,85
2222,2084,1256,2,75
2222,2084,1271,2,80
2222,2084,1287,2,70
2222,2084,1301,2,75
2222,2084,1316,2,65
2222,2084,1329,2,75
2222,2084,1344,2,75
2222,2079,1359,2,75
2222,2079,1374,2,55
2217,2079,1385,1,70
2222,2084,1399,1,60
2222,2084,1411,1,75
2222,2084,1426,1,55
2222,2084,1437,1,60
2222,2084,1449,1,65
2222,2084,1462,1,65
2222,2084,1475,1,65
2222,2084,1488,1,65
2222,2084,1501,0,50
2222,2084,1511,0,65
2222,2084,1524,0,85
2222,2084,1541,0,55
2222,2084,1552,0,65
2222,2084,1565,0,80
2222,2084,1581,0,45
2222,2084,1590,-1,35
2222,2084,1597,-1,80
2222,2084,1613,-2,65
2222,2084,1626,-2,45
2222,2084,1635,-3,55
2222,2084,1646,-3,55
2222,2084,1657,-4,65
2222,2084,1670,-5,65
2222,2084,1683,-5,40
2222,2084,1691,-6,60
2222,2084,1703,-6,70
2222,2084,1717,-7,50
2222,2084,1727,-8,45
2222,2084,1736,-8,70
2222,2084,1750,-9,75
2222,2084,1765,-10,45
2222,2084,1774,-10,70
2222,2084,1788,-11,75
2222,2084,1803,-12,40
2222,2084,1811,-12,70
2222,2084,1825,-13,60
2222,2084,1837,-14,45
2222,2084,1846,-14,85
2222,2084,1863,-15,40
2222,2084,1871,-15,75
2222,2084,1886,-16,65
2222,2084,1899,-16,55
2222,2084,1910,-17,85
2222,2084,1927,-17,35
2222,2084,1934,-18,75
2222,2084,1949,-18,20
2222,2084,1953,-18,25
2222,2084,1958,-19,-10
2222,2084,1956,-19,10
2222,2084,1958,-19,15
2222,2084,1961,-19,10
2222,2084,1963,-19,15
2222,2084,1966,-19,5
2222,2084,1967,-19,15
2222,2084,1970,-19,-5
2222,2084,1969,-19,45
2222,2084,1978,-19,-20
2222,2084,1974,-19,25
2222,2084,1979,-19,0
2222,2084,1979,-19,25
2222,2084,1984,-19,0
2222,2084,1984,-19,25
2222,2084,1989,-19,0
2222,2084,1989,-19,10
2222,2084,1991,-19,5
2222,2084,1992,-19,20
2222,2084,1996,-19,-10
2222,2084,1994,-19,30
2222,2084,2000,-19,-5
2222,2084,1999,-19,25
2222,2084,2004,-19,-15
2222,2084,2001,-19,45
2222,2084,2010,-19,-20
2222,2084,2006,-19,35
2222,2084,2013,-19,-15
2222,2084,2010,-19,25
2222,2084,2015,-19,0
2222,2084,2015,-19,25
2222,2084,2020,-19,-5
2222,2084,2019,-19,35
2222,2084,2026,-19,-5
2222,2084,2025,-19,35
2222,2084,2032,-19,-5
2222,2084,2031,-19,30
2222,2084,2037,-19,0
2222,2084,2037,-19,20
2222,2084,2041,-19,15
2222,2084,2044,-19,10
2222,2084,2046,-19,10
2222,2084,2048,-19,15
2222,2084,2051,-19,10
2222,2084,2053,-19,-5
2222,2084,2052,-19,25
2222,2084,2057,-18,-10
2222,2084,2055,-18,20
2222,2084,2059,-18,-10
2222,2084,2057,-18,15
2222,2084,2060,-17,5
2222,2084,2061,-17,25
2222,2084,2066,-17,0
2222,2084,2066,-16,15
2222,2084,2069,-16,5
2222,2084,2070,-15,0
2222,2084,2070,-15,20
2222,2084,2074,-14,-15
2222,2084,2071,-14,25
2222,2084,2076,-13,-15
2222,2084,2073,-12,20
2222,2084,2077,-12,5
2222,2084,2078,-11,0
2222,2084,2078,-10,10
2222,2084,2080,-10,-5
2222,2084,2079,-9,5
2222,2084,2080,-8,-5
2222,2084,2079,-7,10
2222,2084,2081,-7,-10
2222,2084,2079,-6,10
2222,2084,2081,-5,-10
2222,2084,2079,-5,5
2222,2084,2080,-4,5
2222,2084,2081,-3,-15
2222,2084,2078,-3,5
2222,2084,2079,-2,-25
2222,2084,2074,-2,15
2222,2084,2077,-1,-25
2222,2084,2072,-1,10
2222,2084,2074,0,-20
2222,2084,2070,0,5
2222,2084,2071,0,-10
2222,2084,2069,0,-10
2222,2084,2067,0,0
2222,2084,2067,1,-20
2222,2084,2063,1,15
2222,2084,2066,1,-30
2222,2084,2060,2,5
2222,2084,2061,2,-20
2222,2084,2057,2,5
2222,2084,2058,2,-5
2222,2084,2057,2,-10
2222,2084,2055,2,-5
2222,2084,2054,2,-20
2222,2084,2050,3,5
2222,2084,2051,3,-30
2222,2084,2045,3,15
2222,2084,2048,3,-10
2222,2084,2046,3,0
2222,2084,2046,3,-25
2222,2084,2041,3,10
2222,2084,2043,3,-40
2222,2084,2035,3,-10
2222,2084,2033,3,-20
2222,2084,2029,3,-10
2222,2084,2027,3,-20
2222,2084,2023,3,0
2222,2084,2023,3,-20
2222,2084,2019,3,0
2222,2084,2019,3,-10
2222,2084,2017,3,-5
2222,2084,2016,3,-5
2222,2084,2015,3,-10
2222,2084,2013,3,-10
2222,2084,2011,3,-5
2222,2084,2010,3,-10
2222,2084,2008,3,-10
2222,2084,2006,3,-5
2222,2084,2005,3,-10
2222,2084,2003,3,5
2222,2084,2004,3,-20
2222,2084,2000,3,-15
2222,2084,1997,3,0
2222,2084,1997,3,-35
2222,2084,1990,3,5
2222,2084,1991,3,-15
2222,2084,1988,3,-5
2222,2084,1987,3,-10
2222,2084,1985,3,-10
2222,2084,1983,3,-20
2222,2084,1979,3,10
2222,2084,1981,3,-25
2222,2084,1976,3,10
2222,2084,1978,3,-25
2222,2084,1973,3,15
2222,2084,1976,3,-20
2222,2084,1972,3,10
2222,2084,1974,3,-20
2222,2084,1970,3,15
2222,2084,1973,3,-30
2222,2084,1967,3,10
2222,2084,1969,3,-25
2222,2084,1964,3,5
2222,2084,1965,3,-15
2222,2084,1962,3,-5
2222,2084,1961,3,-15
2222,2084,1958,3,-15
2222,2084,1955,3,-10
2222,2084,1953,4,-25
2222,2084,1948,4,5
2222,2074,1949,4,-20
2222,2063,1945,4,-5
2222,2054,1944,5,-10
2222,2043,1942,5,5
2222,2033,1943,5,-40
2222,2023,1935,6,10
2222,2013,1937,6,-15
2222,2003,1934,7,-10
2222,1993,1932,7,-15
2222,1983,1929,8,-15
2222,1972,1926,8,0
2222,1962,1926,9,-35
2222,1951,1919,9,10
2222,1941,1921,10,-30
2222,1930,1915,10,-10
2222,1920,1913,11,-25
2222,1909,1908,11,-5
2219,1899,1907,12,-15
2205,1888,1904,12,-30
2191,1877,1898,13,10
2177,1867,1900,13,-45
2162,1856,1891,14,0
2148,1845,1891,14,-40
2134,1834,1883,15,-70
2120,1823,1869,15,-50
2106,1812,1859,16,-70
2091,1802,1845,16,-65
2077,1791,1832,17,-45
2063,1780,1823,17,-65
2049,1769,1810,17,-45
2035,1758,1801,18,-60
2020,1747,1789,18,-65
2006,1737,1776,18,-45
1992,1726,1767,18,-60
2020,1721,1755,18,-60
2007,1710,1743,19,-55
1993,1699,1732,19,-55
1979,1689,1721,19,-65
1966,1678,1708,19,-55
1952,1667,1697,19,-50
1938,1656,1687,19,-55
1924,1645,1676,19,-70
1893,1635,1662,19,-55
1880,1624,1651,19,-50
1866,1613,1641,19,-55
1852,1603,1630,20,-55
1838,1592,1619,20,-70
1825,1581,1605,20,-40
1811,1570,1597,20,-65
1797,1560,1584,19,-55
1784,1549,1573,19,-55
1770,1538,1562,19,-70
1756,1527,1548,19,-50
1742,1517,1538,19,-55
1729,1506,1527,19,-50
1715,1495,1517,19,-60
1701,1485,1505,19,-65
1688,1474,1492,18,-50
1674,1463,1482,18,-50
1661,1453,1472,18,-65
1647,1442,1459,18,-55
1633,1431,1448,17,-50
1620,1420,1438,17,-50
1606,1410,1428,17,-55
1599,1399,1417,16,-50
1599,1388,1407,16,-50
1599,1378,1397,15,-50
1578,1367,1387,15,-60
1578,1356,1375,15,-55
1578,1346,1364,14,-40
1578,1335,1356,14,-55
1578,1324,1345,13,-55
1578,1313,1334,13,-55
1578,1303,1323,13,-45
1578,1292,1314,12,-50
1578,1281,1304,12,-55
1578,1271,1293,11,-40
1578,1260,1285,11,-45
1578,1249,1276,11,-55
1578,1238,1265,10,-45
1578,1228,1256,10,-65
1578,1216,1243,9,-65
1578,1206,1230,9,-70
1578,1195,1216,9,-55
1578,1184,1205,8,-75
1578,1174,1190,8,-60
1578,1163,1178,8,-65
1578,1152,1165,7,-60
1578,1142,1153,7,-65
1578,1131,1140,7,-55
1578,1125,1129,6,-60
1578,1114,1117,6,-65
1568,1103,1104,6,-55
1568,1093,1093,5,-70
1568,1082,1079,5,-55
1568,1072,1068,5,-55
1568,1061,1057,4,-50
1568,1051,1047,4,-70
1568,1040,1033,4,-60
1568,1030,1021,4,-45
1568,1019,1012,4,-45
1568,1009,1003,3,-75
1568,998,988,3,-65
1568,988,975,3,-45
1568,978,966,3,-45
1568,967,957,3,-75
1568,957,942,2,-50
1568,946,932,2,-50
1568,936,922,2,-70
1568,926,908,2,-50
1568,915,898,2,-50
1568,905,888,2,-70
1568,895,874,2,-50
1568,884,864,2,-45
1568,874,855,2,-65
1568,864,842,2,-20
1568,854,838,2,-40
1568,843,830,2,-50
1568,833,820,2,-25
1568,823,815,2,-70
1568,812,801,2,-50
1568,802,791,2,-50
1568,791,781,2,-70
1568,781,767,2,-35
1568,771,760,2,-75
1568,761,745,2,-45
1568,751,736,2,-60
1568,741,724,2,-50
1568,730,714,2,-55
1568,720,703,2,-55
1568,710,692,2,-55
1568,699,681,2,-55
1568,689,670,2,-45
1568,679,661,2,-35
1568,669,654,2,-35
1568,658,647,2,-40
1568,648,639,2,-35
1568,638,632,2,-35
1568,627,625,2,-45
1568,617,616,2,-30
1568,606,610,2,-50
1568,595,600,2,-20
1568,585,596,2,-55
1568,574,585,2,-30
1568,563,579,2,-55
1568,553,568,2,-40
1568,542,560,2,-65
1568,531,547,2,-60
1568,520,535,2,-40
1568,509,527,2,-70
1568,499,513,2,-50
1568,488,503,2,-50
1568,477,493,2,-70
1568,466,479,2,-40
1568,455,471,2,-65
1568,445,458,2,-55
1568,434,447,2,-50
1568,423,437,2,-55
1568,412,426,2,-65
1568,402,413,2,-50
1568,391,403,2,-50
1568,380,393,2,-70
1568,369,379,2,-45
1568,362,370,2,-50
1568,351,360,2,-60
1568,341,348,2,-60
1568,330,336,2,-55
1568,319,325,2,-40
1568,309,317,2,-60
1568,298,305,2,-65
1568,288,292,2,-50
1568,277,282,2,-60
1568,266,270,2,-45
1568,256,261,2,-60
1568,245,249,2,-60
1568,236,237,2,-55
1568,226,226,2,-50
1568,216,216,2,-60
1568,205,204,2,-45
1568,195,195,2,-65
1568,185,182,2,-55
1568,175,171,2,-50
1568,165,161,2,-70
1568,155,147,2,-35
1568,145,140,2,-60
1568,136,128,2,-30
1568,126,122,2,-25
1568,116,117,2,-25
1568,105,112,2,-35
1568,94,105,2,-50
1568,83,95,2,-65
1568,71,82,2,-80
1568,60,66,2,-60
1568,0,54,2,-50
1568,0,44,2,-40
1568,0,36,2,-60
1568,0,24,2,-55
1568,0,13,2,-60
1568,0,1,2,-5
1568,0,0,2,0
1568,0,0,2,0
1568,0,0,2,0
1012,874,0,2,0
1012,874,0,2,0
1012,874,0,2,0
1012,874,0,2,0
1012,874,0,2,0
1012,874,0,2,10
1012,874,2,2,20
1012,874,6,2,30
1012,874,12,2,40
1012,874,20,2,35
1012,874,27,2,55
1012,874,38,2,60
1012,874,50,2,65
1012,874,63,2,60
1012,874,75,2,75
1012,874,90,2,80
1012,874,106,2,90
1012,874,124,2,85
1012,874,141,2,80
1012,874,157,2,85
1012,874,174,2,90
1012,874,192,2,85
1012,874,209,2,80
1012,874,225,2,85
1012,874,242,2,85
1012,874,259,2,85
1012,874,276,2,95
1012,874,295,2,75
1012,874,310,2,85
1012,874,327,2,95
1012,874,346,2,90
1012,874,364,2,80
1012,874,380,2,85
1012,874,397,2,95
1012,874,416,2,75
1012,874,431,2,85
1012,874,448,2,90
1012,874,466,2,85
1012,874,483,2,80
1012,874,499,2,100
1012,874,519,2,75
1012,874,534,2,100
1012,874,554,2,75
1012,874,569,2,85
1012,874,586,2,95
1012,874,605,2,75
1012,874,620,2,90
1012,874,638,2,75
1012,874,653,2,110
1012,874,675,2,65
1012,874,688,2,95
1012,874,707,2,55
1012,874,718,2,50
1012,874,728,2,20
1012,874,732,2,30
1012,874,738,2,0
1012,874,738,2,0
1012,874,738,2,0
1012,874,738,2,-15
1012,874,735,2,10
1012,874,737,2,-25
1012,874,732,2,15
1012,874,735,2,-10
1012,874,733,2,5
1012,874,734,2,-15
1012,874,731,2,0
1012,874,731,2,0
1012,874,731,2,-10
1012,874,729,2,0
1012,874,729,2,-10
1012,874,727,2,15
1568,1430,730,2,-15
1568,1430,727,2,10
1568,1430,729,2,-20
1568,1430,725,2,10
1568,1430,727,2,-10
1568,1430,725,2,-5
1568,1430,724,2,0
1568,1430,724,2,-5
1568,1430,723,2,5
1568,1430,724,2,-10
1568,1430,722,2,30
1568,1430,728,2,15
1568,1430,731,2,65
1568,1430,744,2,55
1568,1430,755,2,80
1568,1430,771,2,100
1568,1430,791,2,90
1568,1430,809,2,100
1568,1430,829,2,85
1568,1430,846,2,85
1568,1430,863,2,100
1568,1430,883,2,75
1568,1430,898,2,95
1568,1430,917,2,90
1568,1430,935,2,75
1568,1430,950,2,80
1568,1430,966,2,105
1568,1429,987,2,85
1568,1429,1004,2,75
1567,1429,1019,2,95
1567,1429,1038,2,90
1567,1429,1056,2,85
1567,1429,1073,2,90
1567,1418,1091,2,75
1556,1418,1106,2,90
1566,1428,1124,2,90
1566,1428,1142,2,90
1566,1418,1160,2,85
1566,1418,1177,2,85
1556,1418,1194,2,70
1556,1418,1208,2,50
2222,2084,1218,2,50
2222,2084,1228,2,55
2222,2084,1239,2,20
2222,2084,1243,2,35
2222,2084,1250,2,20
2222,2084,1254,2,40
2222,2084,1262,2,45
2222,2084,1271,2,80
2222,2084,1287,2,80
2222,2079,1303,2,75
2222,2079,1318,2,65
2217,2079,1331,1,65
2217,2079,1344,1,70
2217,2074,1358,1,75
2217,2074,1373,1,60
2212,2074,1385,1,65
2222,2084,1398,1,60
2222,2084,1410,1,75
2222,2084,1425,1,65
2222,2084,1438,1,65
2222,2084,1451,1,55
2222,2084,1462,0,75
2222,2084,1477,0,70
2222,2084,1491,0,55
2222,2084,1502,0,70
2222,2084,1516,0,80
2222,2084,1532,0,60
2222,2084,1544,-1,50
2222,2084,1554,-1,55
2222,2084,1565,-1,70
2222,2084,1579,-2,45
2222,2084,1588,-2,60
2222,2084,1600,-3,70
2222,2084,1614,-4,55
2222,2084,1625,-4,55
2222,2084,1636,-5,50
2222,2084,1646,-5,65
2222,2084,1659,-6,65
2222,2084,1672,-7,55
2222,2084,1683,-7,45
2222,2084,1692,-8,65
2222,2084,1705,-8,65
2222,2084,1718,-9,55
2222,2084,1729,-10,70
2222,2084,1743,-10,60
2222,2084,1755,-11,45
2222,2084,1764,-12,50
2222,2084,1774,-12,40
2222,2084,1782,-13,10
2222,2084,1784,-14,10
2222,2084,1786,-14,20
2222,2084,1790,-15,-5
2222,2084,1789,-15,15
2222,2084,1792,-16,30
2222,2084,1798,-16,-5
2222,2084,1797,-17,15
2222,2084,1800,-17,10
2222,2084,1802,-18,-10
2222,2084,1800,-18,20
2222,2084,1804,-18,0
2222,2084,1804,-18,25
2222,2084,1809,-19,50
2222,2084,1819,-19,40
2222,2084,1827,-19,40
2222,2084,1835,-19,45
2222,2084,1844,-19,35
2222,2084,1851,-19,80
2222,2084,1867,-19,65
2222,2084,1880,-19,50
2222,2084,1890,-19,90
2222,2084,1908,-19,35
2222,2084,1915,-19,80
2222,2084,1931,-19,45
2222,2084,1940,-19,65
2222,2084,1953,-19,5
2222,2084,1954,-19,5
2222,2084,1955,-19,15
2222,2084,1958,-19,0
2222,2084,1958,-19,15
2222,2084,1961,-19,0
2222,2084,1961,-19,25
2222,2084,1966,-19,-15
2222,2084,1963,-19,30
2222,2084,1969,-19,0
2222,2084,1969,-19,20
2222,2084,1973,-19,0
2222,2084,1973,-19,25
2222,2084,1978,-19,-5
2222,2084,1977,-19,25
2222,2084,1982,-19,-10
2222,2084,1980,-19,20
2222,2084,1984,-19,10
2222,2084,1986,-19,20
2222,2084,1990,-19,0
2222,2084,1990,-19,25
2222,2084,1995,-19,5
2222,2084,1996,-19,25
2222,2084,2001,-19,5
2222,2084,2002,-19,20
2222,2084,2006,-19,10
2222,2084,2008,-19,10
2222,2084,2010,-19,-5
2222,2084,2009,-19,-25
2222,2084,2004,-19,-15
2222,2084,2001,-19,0
2222,2084,2001,-19,-15
2222,2084,1998,-19,-10
2222,2084,1996,-18,-10
2222,2084,1994,-18,-15
2222,2084,1991,-18,-10
2222,2084,1989,-18,-15
2222,2084,1986,-18,-10
2222,2084,1984,-17,-5
2222,2084,1983,-17,-5
2222,2084,1982,-17,-15
2222,2084,1979,-16,5
2222,2084,1980,-16,-30
2222,2084,1974,-15,0
2222,2084,1974,-15,-15
2222,2084,1971,-14,0
2222,2084,1971,-14,-40
2222,2084,1963,-13,15
2222,2084,1966,-13,-25
2222,2084,1961,-12,0
2222,2084,1961,-12,-25
2222,2084,1956,-11,5
2222,2084,1957,-10,-15
2222,2084,1954,-10,15
2222,2084,1957,-9,-10
2222,2084,1955,-8,10
2222,2084,1957,-7,-5
2222,2084,1956,-7,0
2222,2084,1956,-6,5
2222,2084,1957,-5,0
2222,2084,1957,-5,0
2222,2084,1957,-4,-5
2222,2084,1956,-4,10
2222,2084,1958,-3,-20
2222,2084,1954,-3,10
2222,2084,1956,-2,-20
2222,2084,1952,-1,10
2222,2084,1954,-1,-20
2222,2084,1950,0,0
2222,2084,1950,0,-15
2222,2084,1947,0,5
2222,2084,1948,0,-10
2222,2084,1946,0,0
2222,2084,1946,0,0
2222,2084,1946,1,-20
2222,2084,1942,1,5
2222,2084,1943,1,-20
2222,2084,1939,2,5
2222,2084,1940,2,-25
2222,2084,1935,2,15
2222,2084,1938,2,-15
2222,2084,1935,2,-10
2222,2084,1933,2,0
2222,2084,1933,2,-20
2222,2084,1929,2,15
2222,2084,1932,3,-35
2222,2084,1925,3,10
2222,2084,1927,3,-15
2222,2084,1924,3,10
2222,2084,1926,3,-20
2222,2084,1922,3,-5
2222,2084,1921,3,5
2222,2084,1922,3,-35
2222,2084,1915,3,-10
2222,2084,1913,3,-25
2222,2084,1908,3,-5
2222,2084,1907,3,-20
2222,2084,1903,3,0
2222,2084,1903,3,-10
2222,2084,1901,3,-20
2222,2084,1897,3,10
2222,2084,1899,3,-15
2222,2084,1896,3,-10
2222,2084,1894,3,5
2222,2084,1895,3,-20
2222,2084,1891,3,5
2222,2084,1892,3,-20
2222,2084,1888,3,5
2222,2084,1889,3,-25
2222,2084,1884,3,5
2222,2084,1885,3,-5
2222,2084,1884,3,-15
2222,2084,1881,3,0
2222,2084,1881,3,-25
2222,2084,1876,3,10
2222,2084,1878,3,-30
2222,2084,1872,3,-10
2222,2084,1870,3,5
2222,2084,1871,3,-25
2222,2084,1866,3,5
2222,2084,1867,3,-15
2222,2084,1864,3,-15
2222,2084,1861,3,5
2222,2084,1862,3,-20
2222,2084,1858,3,-5
2222,2084,1857,3,0
2222,2084,1857,3,-20
2222,2084,1853,3,15
2222,2084,1856,3,-10
2222,2084,1854,3,-15
2222,2084,1851,3,15
2222,2084,1854,3,-15
2222,2084,1851,3,0
2222,2084,1851,3,-15
2222,2084,1848,3,-5
2222,2084,1847,3,-5
2222,2084,1846,3,-15
2222,2084,1843,3,0
2222,2084,1843,3,-15
2222,2084,1840,3,-20
2222,2084,1836,3,0
2222,2084,1836,3,-15
2222,2084,1833,4,-20
2222,2084,1829,4,5
2222,2075,1830,4,-20
2222,2066,1826,4,-5
2222,2056,1825,5,0
2222,2047,1825,5,-25
2222,2038,1820,5,10
2222,2028,1822,6,-30
2222,2019,1816,6,-5
2222,2009,1815,6,5
2222,2000,1816,7,-30
2222,1990,1810,7,-10
2222,1980,1808,8,0
2222,1970,1808,8,-25
2222,1961,1803,9,-10
2222,1951,1801,9,-5
2222,1941,1800,10,-20
2222,1931,1796,10,-15
2222,1922,1793,11,-15
2222,1912,1790,11,-30
2222,1902,1784,12,-50
2210,1892,1774,12,-55
2197,1882,1763,13,-70
2183,1872,1749,13,-55
2171,1862,1738,14,-40
2158,1852,1730,14,-60
2145,1842,1718,15,-50
2132,1833,1708,15,-55
2119,1823,1697,15,-50
2106,1813,1687,16,-65
2093,1803,1674,16,-55
2064,1793,1663,17,-45
2051,1784,1654,17,-55
2038,1774,1643,17,-60
2025,1764,1631,17,-55
2012,1754,1620,18,-55
2000,1744,1609,18,-35
1987,1735,1602,18,-70
1974,1725,1588,18,-65
2004,1721,1575,18,-45
1992,1711,1566,19,-55
1979,1702,1555,19,-60
1967,1692,1543,19,-45
1954,1682,1534,19,-75
1942,1673,1519,19,-50
1930,1663,1509,19,-65
1918,1654,1496,19,-50
1905,1644,1486,19,-55
1893,1635,1475,19,-60
1881,1625,1463,19,-55
1869,1616,1452,19,-55
1857,1606,1441,20,-50
1845,1597,1431,20,-65
1832,1587,1418,20,-60
1820,1578,1406,20,-50
1808,1568,1396,19,-65
1776,1559,1383,19,-60
1764,1550,1371,19,-50
1752,1540,1361,19,-55
1740,1531,1350,19,-65
1728,1522,1337,19,-50
1716,1512,1327,19,-55
1704,1503,1316,19,-55
1692,1494,1305,19,-65
1681,1485,1292,19,-60
1669,1475,1280,18,-50
1657,1466,1270,18,-45
1646,1457,1261,18,-65
1634,1448,1248,18,-60
1623,1439,1236,18,-40
1611,1430,1228,17,-25
1600,1421,1223,17,-35
1588,1412,1216,17,-45
1578,1403,1207,16,-35
1578,1393,1200,16,-30
1578,1384,1194,16,-45
1578,1375,1185,15,-35
1578,1366,1178,15,-55
1578,1357,1167,15,-60
1578,1348,1155,14,-45
1578,1339,1146,14,-35
1578,1330,1139,14,-55
1578,1321,1128,13,-55
1578,1312,1117,13,-50
1568,1303,1107,13,-50
1568,1294,1097,12,-45
1568,1285,1088,12,-45
1568,1276,1079,12,-35
1568,1267,1072,11,-50
1568,1258,1062,11,-55
1568,1250,1051,11,-45
1568,1241,1042,10,-45
1568,1232,1033,10,-45
1568,1223,1024,10,-60
1568,1214,1012,9,-45
1568,1205,1003,9,-35
1568,1197,996,9,-40
1568,1188,988,8,-55
1568,1179,977,8,-50
1568,1170,967,8,-30
1568,1162,961,8,-55
1568,1153,950,7,-50
1568,1144,940,7,-30
1568,1135,934,7,-45
1568,1130,925,7,-55
1568,1121,914,6,-40
1568,1113,906,6,-35
1568,1104,899,6,-55
1568,1096,888,5,-35
1568,1087,881,5,-35
1568,1079,874,5,-55
1568,1070,863,5,-30
1568,1062,857,5,-35
1568,1053,850,4,-65
1568,1044,837,4,-25
1568,1036,832,4,-50
1568,1028,822,4,-35
1568,1019,815,4,-25
1568,1011,810,3,-60
1568,1002,798,3,-30
1568,994,792,3,-45
1568,986,783,3,-35
1568,977,776,3,-30
1568,969,770,3,-60
1568,960,758,3,-15
1568,952,755,2,-55
1568,944,744,2,-25
1568,935,739,2,-50
1568,927,729,2,-25
1568,919,724,2,-20
1568,911,720,2,-25
1568,902,715,2,-5
1568,894,714,2,-45
1568,885,705,2,-5
1568,877,704,2,-35
1568,868,697,2,-10
1568,860,695,2,-35
1568,851,688,2,-5
1568,843,687,2,-45
1568,834,678,2,0
1568,826,678,2,-40
1568,817,670,2,-10
1568,808,668,2,-35
1568,799,661,2,-10
1568,791,659,2,-35
1568,782,652,2,-5
1568,775,651,2,-45
1568,766,642,2,0
1568,757,642,2,-50
1568,748,632,2,5
1568,739,633,2,-40
1568,730,625,2,-10
1568,721,623,2,-25
1568,712,618,2,-30
1568,703,612,2,-15
1568,693,609,2,-25
1568,684,604,2,-15
1568,675,601,2,-40
1568,665,593,2,-20
1568,656,589,2,-50
1568,647,579,2,-30
1568,637,573,2,-45
1568,628,564,2,-35
1568,618,557,2,-35
1568,609,550,2,-50
1568,599,540,2,-25
1568,590,535,2,-50
1568,580,525,2,-30
1568,571,519,2,-40
1568,561,511,2,-40
1568,552,503,2,-30
1568,542,497,2,-45
1568,532,488,2,-60
1568,523,476,2,-40
1568,513,468,2,-75
1568,504,453,2,-50
1568,494,443,2,-45
1568,485,434,2,-65
1568,476,421,2,-60
1568,466,409,2,-35
1568,457,402,2,-75
1568,448,387,2,-50
1568,439,377,2,-55
1568,430,366,2,-50
1568,421,356,2,-60
1568,413,344,2,-60
1568,404,332,2,-50
1568,395,322,2,-45
1568,387,313,2,-65
1568,379,300,2,-30
1568,370,294,2,-40
1568,362,286,2,-30
1568,358,280,2,-40
1568,350,272,2,-40
1568,341,264,2,-35
1568,333,257,2,-40
1568,325,249,2,-30
1568,318,243,2,-35
1568,310,236,2,-45
1568,302,227,2,-35
1568,294,220,2,-40
1568,286,212,2,-35
1568,278,205,2,-20
1568,271,201,2,-15
1568,263,198,2,-25
1568,255,193,2,-25
1568,247,188,2,-15
1568,239,185,2,-30
1568,231,179,2,-15
1568,223,176,2,-20
1568,214,172,2,-15
1568,206,169,2,-25
1568,197,164,2,-15
1568,188,161,2,-10
1568,179,159,2,-20
1568,170,155,2,-5
1568,160,154,2,-20
1568,150,150,2,-40
1568,140,142,2,-35
1568,129,135,2,-50
1568,118,125,2,-50
1568,107,115,2,-75
1568,97,100,2,-90
1568,87,82,2,-105
1568,80,61,2,-100
1568,74,41,2,-115
1568,72,18,2,-85
1568,72,1,2,-5
1568,72,0,2,0
1568,72,0,2,0
1568,72,0,2,0
1012,874,0,2,0
1012,874,0,2,0
1012,874,0,2,0
1012,874,0,2,0
1012,874,0,2,0
1012,874,0,2,35
1012,874,7,2,30
1012,874,13,2,25
1012,874,18,2,30
1012,874,24,2,25
1012,874,29,2,40
1012,874,37,2,30
1012,874,43,2,30
1012,874,49,2,40
1012,874,57,2,40
1012,874,65,2,70
1012,874,79,2,65
1012,874,92,2,60
1012,874,104,2,70
1012,874,118,2,65
1012,874,131,2,60
1012,874,143,2,75
1012,874,158,2,65
1012,874,171,2,70
1012,874,185,2,60
1012,874,197,2,70
1012,874,211,2,70
1012,874,225,2,65
1012,874,238,2,65
1012,874,251,2,80
1012,874,267,2,60
1012,874,279,2,60
1012,874,291,2,70
1012,874,305,2,75
1012,874,320,2,70
1012,874,334,2,60
1012,874,346,2,65
1012,874,359,2,70
1012,874,373,2,75
1012,874,388,2,55
1012,874,399,2,75
1012,874,414,2,70
1012,874,428,2,65
1012,874,441,2,60
1012,874,453,2,80
1012,874,469,2,50
1012,874,479,2,90
1012,874,497,2,60
1012,874,509,2,65
1012,874,522,2,70
1012,874,536,2,60
1012,874,548,2,75
1012,874,563,2,60
1012,874,575,2,75
1012,874,590,2,70
1012,874,604,2,55
1012,874,615,2,80
1012,874,631,2,55
1012,874,642,2,80
1012,874,658,2,55
1012,874,669,2,75
1012,874,684,2,70
1012,874,698,2,75
1012,874,713,2,50
1012,874,723,2,80
1012,874,739,2,55
1012,874,750,2,35
1012,874,757,2,35
1012,874,764,2,10
1012,874,766,2,5
1012,874,767,2,-10
1012,874,765,2,25
1012,874,770,2,-5
1012,874,769,2,5
1012,874,770,2,10
1012,874,772,2,0
1012,874,772,2,10
1568,1430,774,2,0
1568,1430,774,2,20
1568,1430,778,2,-5
1568,1430,777,2,5
1568,1430,778,2,10
1568,1430,780,2,-5
1568,1430,779,2,15
1568,1430,782,2,0
1568,1430,782,2,15
1568,1430,785,2,0
1568,1430,785,2,0
1568,1430,785,2,10
1568,1430,787,2,-5
1568,1430,786,2,15
1568,1430,789,2,10
1568,1430,791,2,-5
1568,1430,790,2,15
1568,1430,793,2,-10
1568,1430,791,2,10
1568,1430,793,2,15
1568,1430,796,2,30
1568,1430,802,2,65
1568,1430,815,2,45
1568,1430,824,2,90
1568,1430,842,2,85
1568,1430,859,2,85
1568,1430,876,2,105
1568,1429,897,2,85
1568,1429,914,2,75
1567,1429,929,2,95
1567,1429,948,2,95
1567,1429,967,2,80
1567,1429,983,2,90
1567,1418,1001,2,90
1567,1418,1019,2,90
1556,1418,1037,2,75
1556,1418,1052,2,95
1556,1418,1071,2,80
1556,1408,1087,2,100
1556,1408,1107,2,80
1556,1418,1123,2,90
1556,1418,1141,2,75
2222,2084,1156,2,80
2222,2084,1172,2,95
2222,2084,1191,2,80
2222,2084,1207,2,90
2222,2084,1225,2,60
2222,2084,1237,2,65
2222,2084,1250,2,55
2222,2084,1261,2,70
2222,2084,1275,2,90
2222,2079,1293,2,85
2222,2079,1310,2,55
2217,2079,1321,1,65
2217,2079,1334,1,75
2217,2074,1349,1,70
2217,2074,1363,1,75
2212,2074,1378,1,55
2222,2084,1389,1,70
2222,2084,1403,1,60
2222,2084,1415,1,80
2222,2084,1431,1,65
2222,2084,1444,1,55
2222,2084,1455,0,80
2222,2084,1471,0,65
2222,2084,1484,0,75
2222,2084,1499,0,55
2222,2084,1510,0,70
2222,2084,1524,0,75
2222,2084,1539,-1,45
2222,2084,1548,-1,55
2222,2084,1559,-1,85
2222,2084,1576,-2,45
2222,2084,1585,-2,45
2222,2084,1594,-3,70
2222,2084,1608,-3,60
2222,2084,1620,-4,65
2222,2084,1633,-5,55
2222,2084,1644,-5,50
2222,2084,1654,-6,60
2222,2084,1666,-6,75
2222,2084,1681,-7,45
2222,2084,1690,-8,55
2222,2084,1701,-8,65
2222,2084,1714,-9,80
2222,2084,1730,-10,45
2222,2084,1739,-10,65
2222,2084,1752,-11,75
2222,2084,1767,-12,50
2222,2084,1777,-12,65
2222,2084,1790,-13,55
2222,2084,1801,-13,55
2222,2084,1812,-14,75
2222,2084,1827,-15,65
2222,2084,1840,-15,45
2222,2084,1849,-16,75
2222,2084,1864,-16,60
2222,2084,1876,-17,60
2222,2084,1888,-17,80
2222,2084,1904,-18,40
2222,2084,1912,-18,65
2222,2084,1925,-18,60
2222,2084,1937,-18,65
2222,2084,1950,-19,55
2222,2084,1961,-19,70
2222,2084,1975,-19,50
2222,2084,1985,-19,60
2222,2084,1997,-19,70
2222,2084,2011,-19,60
2222,2084,2023,-19,55
2222,2084,2034,-19,70
2222,2084,2048,-19,45
2222,2084,2057,-19,65
2222,2084,2070,-19,50
2222,2084,2080,-19,50
2222,2084,2090,-19,-10
2222,2084,2088,-19,25
2222,2084,2093,-19,-10
2222,2084,2091,-19,15
2222,2084,2094,-19,10
2222,2084,2096,-19,0
2222,2084,2096,-19,15
2222,2084,2099,-19,0
2222,2084,2099,-19,20
2222,2084,2103,-19,-10
2222,2084,2101,-19,30
2222,2084,2107,-19,5
2222,2084,2108,-19,5
2222,2084,2109,-19,20
2222,2084,2113,-19,-15
2222,2084,2110,-19,30
2222,2084,2116,-19,-5
2222,2084,2115,-19,-15
2222,2084,2112,-19,0
2222,2084,2112,-19,-25
2222,2084,2107,-19,5
2222,2084,2108,-19,-15
2222,2084,2105,-19,10
2222,2084,2107,-19,-10
2222,2084,2105,-19,-20
2222,2084,2101,-19,20
2222,2084,2105,-19,-35
2222,2084,2098,-19,5
2222,2084,2099,-19,-10
2222,2084,2097,-19,-15
2222,2084,2094,-19,-10
2222,2084,2092,-18,-15
2222,2084,2089,-18,-10
2222,2084,2087,-18,-15
2222,2084,2084,-18,-15
2222,2084,2081,-17,-20
2222,2084,2077,-17,5
2222,2084,2078,-17,-10
2222,2084,2076,-16,-10
2222,2084,2074,-16,-5
2222,2084,2073,-15,-30
2222,2084,2067,-15,5
2222,2084,2068,-15,-30
2222,2084,2062,-14,0
2222,2084,2062,-13,-20
2222,2084,2058,-13,-10
2222,2084,2056,-12,-20
2222,2084,2052,-12,-10
2222,2084,2050,-11,-10
2222,2084,2048,-10,-15
2222,2084,2045,-9,10
2222,2084,2047,-9,0
2222,2084,2047,-8,0
2222,2084,2047,-7,-5
2222,2084,2046,-7,10
2222,2084,2048,-6,-15
2222,2084,2045,-5,15
2222,2084,2048,-5,-15
2222,2084,2045,-4,20
2222,2084,2049,-3,-20
2222,2084,2045,-3,5
2222,2084,2046,-2,-20
2222,2084,2042,-2,5
2222,2084,2043,-1,-10
2222,2084,2041,-1,-5
2222,2084,2040,0,-10
2222,2084,2038,0,0
2222,2084,2038,0,-15
2222,2084,2035,0,0
2222,2084,2035,0,0
2222,2084,2035,1,-20
2222,2084,2031,1,5
2222,2084,2032,1,-15
2222,2084,2029,2,5
2222,2084,2030,2,-25
2222,2084,2025,2,5
2222,2084,2026,2,-10
2222,2084,2024,2,0
2222,2084,2024,2,-20
2222,2084,2020,2,5
2222,2084,2021,3,-25
2222,2084,2016,3,0
2222,2084,2016,3,-10
2222,2084,2014,3,10
2222,2084,2016,3,-20
2222,2084,2012,3,0
2222,2084,2012,3,-20
2222,2084,2008,3,5
2222,2084,2009,3,-50
2222,2084,1999,3,0
2222,2084,1999,3,-30
2222,2084,1993,3,10
2222,2084,1995,3,-30
2222,2084,1989,3,5
2222,2084,1990,3,-20
2222,2084,1986,3,5
2222,2084,1987,3,-15
2222,2084,1984,3,0
2222,2084,1984,3,-10
2222,2084,1982,3,-5
2222,2084,1981,3,-20
2222,2084,1977,3,10
2222,2084,1979,3,-30
2222,2084,1973,3,15
2222,2084,1976,3,-30
2222,2084,1970,3,15
2222,2084,1973,3,-15
2222,2084,1970,3,-15
2222,2084,1967,3,-15
2222,2084,1964,3,0
2222,2084,1964,3,-25
2222,2084,1959,3,-5
2222,2084,1958,3,0
2222,2084,1958,3,-25
2222,2084,1953,3,10
2222,2084,1955,3,-35
2222,2084,1948,3,15
2222,2084,1951,3,-30
2222,2084,1945,3,10
2222,2084,1947,3,-20
2222,2084,1943,3,0
2222,2084,1943,3,0
2222,2084,1943,3,-5
2222,2084,1942,3,0
2222,2084,1942,3,-10
2222,2084,1940,3,5
2222,2084,1941,3,-25
2222,2084,1936,3,10
2222,2084,1938,3,-20
2222,2084,1934,3,-10
2222,2084,1932,3,-5
2222,2084,1931,3,-10
2222,2084,1929,3,-10
2222,2084,1927,3,-20
2222,2084,1923,3,0
2222,2084,1923,4,-35
2222,2084,1916,4,10
2222,2074,1918,4,-15
2222,2064,1915,4,-10
2222,2054,1913,5,-15
2222,2044,1910,5,10
2222,2034,1912,5,-25
2222,2024,1907,6,-15
2222,2014,1904,6,5
2222,2004,1905,7,-25
2222,1994,1900,7,0
2222,1984,1900,7,-20
2222,1974,1896,8,-15
2222,1964,1893,8,-5
2222,1953,1892,9,-30
2222,1943,1886,10,10
2222,1933,1888,10,-35
2222,1923,1881,11,-20
2222,1912,1877,11,-35
2222,1902,1870,12,-75
2209,1892,1855,12,-65
2196,1881,1842,13,-90
2182,1871,1824,13,-70
2169,1860,1810,14,-55
2155,1850,1799,14,-85
2142,1840,1782,15,-65
2128,1830,1769,15,-70
2115,1820,1755,16,-80
2102,1809,1739,16,-70
2089,1799,1725,16,-65
2075,1789,1712,17,-75
2062,1779,1697,17,-80
2049,1769,1681,17,-70
2036,1759,1667,18,-65
2006,1749,1654,18,-70
1993,1739,1640,18,-80
1980,1729,1624,18,-70
2009,1725,1610,18,-75
1996,1715,1595,19,-55
1984,1705,1584,19,-90
1972,1696,1566,19,-80
1959,1686,1550,19,-65
1947,1676,1537,19,-70
1934,1666,1523,19,-75
1922,1657,1508,19,-25
1910,1647,1503,19,-35
1897,1638,1496,19,-45
1885,1628,1487,19,-50
1872,1618,1477,19,-40
1860,1609,1469,20,-35
1848,1599,1462,20,-45
1835,1589,1453,20,-35
1823,1580,1446,20,-50
1810,1570,1436,20,-45
1798,1560,1427,19,-40
1786,1551,1419,19,-35
1773,1541,1412,19,-40
1761,1531,1404,19,-50
1749,1522,1394,19,-35
1716,1512,1387,19,-40
1703,1502,1379,19,-40
1691,1493,1371,19,-50
1678,1483,1361,19,-40
1666,1473,1353,18,-40
1654,1463,1345,18,-30
1641,1454,1339,18,-50
1629,1444,1329,18,-40
1617,1434,1321,17,-30
1604,1424,1315,17,-35
1592,1415,1308,17,-40
1580,1405,1300,16,-35
1578,1395,1293,16,-40
1578,1385,1285,16,-35
1578,1375,1278,15,-40
1578,1366,1270,15,-40
1578,1356,1262,15,-35
1578,1346,1255,14,-35
1578,1336,1248,14,-30
1578,1326,1242,13,-35
1578,1316,1235,13,-45
1578,1307,1226,13,-25
1578,1297,1221,12,-35
1578,1286,1214,12,-35
1578,1276,1207,12,-35
1578,1267,1200,11,-25
1578,1256,1195,11,-40
1578,1246,1187,11,-35
1578,1236,1180,10,-30
1578,1226,1174,10,-35
1578,1216,1167,9,-35
1578,1206,1160,9,-30
1578,1196,1154,9,-25
1578,1185,1149,8,-35
1578,1175,1142,8,-35
1578,1165,1135,8,-25
1578,1155,1130,7,-35
1578,1144,1123,7,-50
1578,1134,1113,7,-50
1568,1127,1103,6,-75
1568,1117,1088,6,-70
1568,1106,1074,6,-50
1568,1096,1064,5,-60
1568,1086,1052,5,-90
1568,1076,1034,5,-90
1568,1066,1016,5,-65
1568,1056,1003,4,-80
1568,1046,987,4,-65
1568,1036,974,4,-80
1568,1026,958,4,-80
1568,1016,942,3,-60
1568,1006,930,3,-80
1568,997,914,3,-80
1568,987,898,3,-70
1568,977,884,3,-80
1568,968,868,3,-65
1568,959,855,2,-65
1568,949,842,2,-85
1568,940,825,2,-70
1568,931,811,2,-65
1568,922,798,2,-85
1568,913,781,2,-50
1568,904,771,2,-70
1568,895,757,2,-30
1568,886,751,2,-45
1568,877,742,2,-35
1568,868,735,2,-40
1568,859,727,2,-35
1568,850,720,2,-35
1568,841,713,2,-45
1568,832,704,2,-25
1568,823,699,2,-50
1568,814,689,2,-25
1568,805,684,2,-55
1568,796,673,2,-25
1568,788,668,2,-50
1568,779,658,2,-25
1568,772,653,2,-45
1568,763,644,2,-35
1568,754,637,2,-45
1568,745,628,2,-25
1568,736,623,2,-40
1568,727,615,2,-45
1568,718,606,2,-35
1568,710,599,2,-35
1568,701,592,2,-30
1568,692,586,2,-55
1568,683,575,2,-20
1568,674,571,2,-55
1568,665,560,2,-25
1568,656,555,2,-45
1568,647,546,2,-35
1568,639,539,2,-35
1568,629,532,2,-45
1568,621,523,2,-35
1568,612,516,2,-35
1568,603,509,2,-45
1568,594,500,2,-30
1568,585,494,2,-45
1568,576,485,2,-40
1568,568,477,2,-25
1568,559,472,2,-50
1568,550,462,2,-35
1568,541,455,2,-30
1568,532,449,2,-45
1568,523,440,2,-35
1568,514,433,2,-30
1568,506,427,2,-50
1568,497,417,2,-40
1568,488,409,2,-25
1568,479,404,2,-40
1568,470,396,2,-50
1568,462,386,2,-30
1568,453,380,2,-30
1568,444,374,2,-50
1568,435,364,2,-35
1568,426,357,2,-30
1568,417,351,2,-40
1568,409,343,2,-45
1568,400,334,2,-30
1568,391,328,2,-30
1568,383,322,2,-50
1568,374,312,2,-40
1568,365,304,2,-35
1568,359,297,2,-35
1568,351,290,2,-30
1568,342,284,2,-50
1568,334,274,2,-30
1568,325,268,2,-40
1568,316,260,2,-35
1568,308,253,2,-30
1568,299,247,2,-45
1568,291,238,2,-35
1568,282,231,2,-40
1568,274,223,2,-30
1568,265,217,2,-45
1568,257,208,2,-30
1568,248,202,2,-45
1568,241,193,2,-35
1568,232,186,2,-40
1568,224,178,2,-35
1568,216,171,2,-30
1568,207,165,2,-45
1568,199,156,2,-25
1568,191,151,2,-30
1568,183,145,2,-15
1568,175,142,2,-15
1568,166,139,2,-40
1568,157,131,2,-30
1568,149,125,2,-40
1568,140,117,2,-40
1568,132,109,2,-50
1568,123,99,2,-35
1568,116,92,2,-45
1568,107,83,2,-45
1568,100,74,2,-45
1568,93,65,2,-35
1568,86,58,2,-40
1568,80,50,2,-25
1568,74,45,2,-35
1568,68,38,2,-25
1568,62,33,2,-25
1568,58,28,2,-30
1568,0,22,2,-25
1568,0,17,2,-45
1568,0,8,2,-40
1568,0,0,2,0
1568,0,0,2,0
1568,0,0,2,0
1012,874,0,2,0
1012,874,0,2,0
1012,874,0,2,0
1012,874,0,2,0
1012,874,0,2,0
1012,874,0,2,5
1012,874,1,2,5
1012,874,2,2,25
1012,874,7,2,25
1012,874,12,2,25
1012,874,17,2,30
1012,874,23,2,25
1012,874,28,2,35
1012,874,35,2,35
1012,874,42,2,40
1012,874,50,2,45
1012,874,59,2,75
1012,874,74,2,55
1012,874,85,2,75
1012,874,100,2,70
1012,874,114,2,55
1012,874,125,2,75
1012,874,140,2,90
1012,874,158,2,100
1012,874,178,2,90
1012,874,196,2,90
1012,874,214,2,80
1012,874,230,2,90
1012,874,248,2,80
1012,874,264,2,95
1012,874,283,2,90
1012,874,301,2,80
1012,874,317,2,90
1012,874,335,2,80
1012,874,351,2,100
1012,874,371,2,85
1012,874,388,2,70
1012,874,402,2,100
1012,874,422,2,80
1012,874,438,2,80
1012,874,454,2,100
1012,874,474,2,75
1012,874,489,2,85
1012,874,506,2,100
1012,874,526,2,80
1012,874,542,2,90
1012,874,560,2,85
1012,874,577,2,75
1012,874,592,2,100
1012,874,612,2,75
1012,874,627,2,95
1012,874,646,2,75
1012,874,661,2,105
1012,874,682,2,70
1012,874,696,2,100
1012,874,716,2,75
1012,874,731,2,90
1012,874,749,2,80
1012,874,765,2,70
1012,874,779,2,40
1012,874,787,2,20
1012,874,791,2,45
1012,874,800,2,30
1012,874,806,2,40
1012,874,814,2,40
1012,874,822,2,15
1012,874,825,2,20
1012,874,829,2,-10
1012,874,827,2,5
1012,874,828,2,10
1012,874,830,2,0
1012,874,830,2,10
1012,874,832,2,0
1568,1430,832,2,0
1568,1430,832,2,25
1568,1430,837,2,-5
1568,1430,836,2,-5
1568,1430,835,2,10
1568,1430,837,2,0
1568,1430,837,2,25
1568,1430,842,2,30
1568,1430,848,2,50
1568,1430,858,2,75
1568,1430,873,2,70
1568,1430,887,2,60
1568,1430,899,2,85
1568,1430,916,2,95
1568,1430,935,2,75
1568,1430,950,2,100
1568,1430,970,2,95
1568,1430,989,2,75
1568,1430,1004,2,90
1568,1430,1022,2,90
1568,1430,1040,2,95
1568,1430,1059,2,75
1568,1430,1074,2,85
1568,1430,1091,2,85
1568,1429,1108,2,90
1577,1439,1126,2,90
1577,1439,1144,2,85
1577,1439,1161,2,90
1577,1428,1179,2,75
1577,1428,1194,2,80
1566,1428,1210,2,85
1566,1428,1227,2,75
1566,1428,1242,2,90
1566,1418,1260,2,70
1556,1418,1274,2,85
1556,1418,1291,2,60
2222,2084,1303,2,75
2222,2084,1318,2,75
2222,2084,1333,2,70
2222,2084,1347,2,75
2222,2084,1362,2,60
2222,2084,1374,2,55
2222,2084,1385,2,25
2222,2084,1390,2,35
2222,2084,1397,2,40
2222,2084,1405,2,55
2222,2084,1416,2,50
2222,2084,1426,1,75
2222,2084,1441,1,60
2222,2084,1453,1,55
2222,2084,1464,1,60
2222,2084,1476,1,55
2222,2084,1487,1,80
2222,2084,1503,1,55
2222,2084,1514,1,65
2222,2084,1527,0,55
2222,2084,1538,0,60
2222,2084,1550,0,80
2222,2084,1566,0,50
2222,2084,1576,0,80
2222,2084,1592,0,65
2222,2084,1605,0,50
2222,2084,1615,-1,35
2222,2084,1622,-1,75
2222,2084,1637,-2,60
2222,2084,1649,-2,45
2222,2084,1658,-3,60
2222,2084,1670,-3,60
2222,2084,1682,-4,55
2222,2084,1693,-5,55
2222,2084,1704,-5,45
2222,2084,1713,-6,65
2222,2084,1726,-7,70
2222,2084,1740,-7,35
2222,2084,1747,-8,55
2222,2084,1758,-8,70
2222,2084,1772,-9,60
2222,2084,1784,-10,55
2222,2084,1795,-10,65
2222,2084,1808,-11,70
2222,2084,1822,-12,45
2222,2084,1831,-12,70
2222,2084,1845,-13,40
2222,2084,1853,-14,75
2222,2084,1868,-14,55
2222,2084,1879,-15,55
2222,2084,1890,-16,75
2222,2084,1905,-16,50
2222,2084,1915,-17,65
2222,2084,1928,-17,65
2222,2084,1941,-17,60
2222,2084,1953,-18,50
2222,2084,1963,-18,60
2222,2084,1975,-18,65
2222,2084,1988,-19,55
2222,2084,1999,-19,55
2222,2084,2010,-19,60
2222,2084,2022,-19,25
2222,2084,2027,-19,30
2222,2084,2033,-19,-5
2222,2084,2032,-19,10
2222,2084,2034,-19,10
2222,2084,2036,-19,20
2222,2084,2040,-19,-10
2222,2084,2038,-19,30
2222,2084,2044,-19,5
2222,2084,2045,-19,15
2222,2084,2048,-19,-5
2222,2084,2047,-19,30
2222,2084,2053,-19,-5
2222,2084,2052,-19,20
2222,2084,2056,-19,-5
2222,2084,2055,-19,15
2222,2084,2058,-19,10
2222,2084,2060,-19,0
2222,2084,2060,-19,0
2222,2084,2060,-19,-35
2222,2084,2053,-19,10
2222,2084,2055,-19,-30
2222,2084,2049,-19,5
2222,2084,2050,-19,-25
2222,2084,2045,-19,0
2222,2084,2045,-19,-10
2222,2084,2043,-19,-10
2222,2084,2041,-19,0
2222,2084,2041,-19,-5
2222,2084,2040,-19,-15
2222,2084,2037,-19,0
2222,2084,2037,-19,0
2222,2084,2037,-19,-10
2222,2084,2035,-19,0
2222,2084,2035,-19,-15
2222,2084,2032,-19,15
2222,2084,2035,-19,-30
2222,2084,2029,-19,5
2222,2084,2030,-19,-10
2222,2084,2028,-19,20
2222,2084,2032,-19,-10
2222,2084,2030,-18,30
2222,2084,2036,-18,-15
2222,2084,2033,-18,25
2222,2084,2038,-18,-15
2222,2084,2035,-17,25
2222,2084,2040,-17,5
2222,2084,2041,-17,20
2222,2084,2045,-16,5
2222,2084,2046,-16,5
2222,2084,2047,-16,15
2222,2084,2050,-15,0
2222,2084,2050,-15,15
2222,2084,2053,-14,-5
2222,2084,2052,-14,15
2222,2084,2055,-13,-5
2222,2084,2054,-12,20
2222,2084,2058,-12,-10
2222,2084,2056,-11,30
2222,2084,2062,-10,-20
2222,2084,2058,-10,10
2222,2084,2060,-9,-5
2222,2084,2059,-8,5
2222,2084,2060,-7,10
2222,2084,2062,-7,-15
2222,2084,2059,-6,15
2222,2084,2062,-5,-15
2222,2084,2059,-5,20
2222,2084,2063,-4,-20
2222,2084,2059,-4,10
2222,2084,2061,-3,-20
2222,2084,2057,-2,10
2222,2084,2059,-2,-20
2222,2084,2055,-1,5
2222,2084,2056,-1,-10
2222,2084,2054,0,-10
2222,2084,2052,0,0
2222,2084,2052,0,-15
2222,2084,2049,0,10
2222,2084,2051,0,-25
2222,2084,2046,1,10
2222,2084,2048,1,-15
2222,2084,2045,1,0
2222,2084,2045,2,-30
2222,2084,2039,2,15
2222,2084,2042,2,-20
2222,2084,2038,2,10
2222,2084,2040,2,-20
2222,2084,2036,2,-5
2222,2084,2035,2,-10
2222,2084,2033,3,-5
2222,2084,2032,3,-10
2222,2084,2030,3,-10
2222,2084,2028,3,5
2222,2084,2029,3,-5
2222,2084,2028,3,-10
2222,2084,2026,3,-15
2222,2084,2023,3,-5
2222,2084,2022,3,-40
2222,2084,2014,3,0
2222,2084,2014,3,-30
2222,2084,2008,3,5
2222,2084,2009,3,-25
2222,2084,2004,3,0
2222,2084,2004,3,-20
2222,2084,2000,3,5
2222,2084,2001,3,-15
2222,2084,1998,3,5
2222,2084,1999,3,-20
2222,2084,1995,3,5
2222,2084,1996,3,-25
2222,2084,1991,3,5
2222,2084,1992,3,-20
2222,2084,1988,3,15
2222,2084,1991,3,-30
2222,2084,1985,3,5
2222,2084,1986,3,-15
2222,2084,1983,3,-5
2222,2084,1982,3,-15
2222,2084,1979,3,-10
2222,2084,1977,3,-20
2222,2084,1973,3,0
2222,2084,1973,3,-5
2222,2084,1972,3,-25
2222,2084,1967,3,5
2222,2084,1968,3,-20
2222,2084,1964,3,-5
2222,2084,1963,3,-15
2222,2084,1960,3,10
2222,2084,1962,3,-20
2222,2084,1958,3,0
2222,2084,1958,3,-15
2222,2084,1955,3,15
2222,2084,1958,3,-15
2222,2084,1955,3,5
2222,2084,1956,3,-15
2222,2084,1953,3,-10
2222,2084,1951,3,5
2222,2084,1952,3,-20
2222,2084,1948,3,0
2222,2084,1948,3,-20
2222,2084,1944,3,0
2222,2084,1944,3,-30
2222,2084,1938,3,10
2222,2084,1940,3,-30
2222,2084,1934,4,-10
2222,2081,1932,4,-15
2222,2071,1929,4,5
2222,2061,1930,4,-15
2222,2051,1927,5,-10
2222,2041,1925,5,10
2222,2031,1927,5,-45
2222,2021,1918,6,15
2222,2011,1921,6,-25
2222,2001,1916,7,0
2222,1991,1916,7,-20
2222,1980,1912,8,-15
2222,1970,1909,8,-5
2222,1960,1908,9,-55
2222,1950,1897,9,-45
2222,1939,1888,10,-65
2222,1929,1875,10,-45
2222,1919,1866,11,-60
2222,1909,1854,11,-55
2218,1898,1843,12,-40
2204,1888,1835,12,-55
2191,1878,1824,13,-55
2178,1867,1813,13,-45
2164,1857,1804,14,-65
2151,1847,1791,14,-35
2137,1837,1784,15,-50
2124,1826,1774,15,-80
2111,1816,1758,16,-40
2097,1806,1750,16,-55
2083,1796,1739,16,-60
2070,1785,1727,17,-50
2057,1775,1717,17,-50
2043,1765,1707,17,-55
2030,1755,1696,18,-65
2017,1745,1683,18,-50
2003,1734,1673,18,-50
1974,1724,1663,18,-60
2002,1720,1651,18,-55
1991,1710,1640,19,-65
1977,1700,1627,19,-55
1964,1690,1616,19,-40
1951,1680,1608,19,-65
1938,1670,1595,19,-65
1925,1660,1582,19,-60
1913,1650,1570,19,-40
1900,1640,1562,19,-55
1887,1630,1551,19,-65
1874,1620,1538,19,-50
1861,1610,1528,20,-60
1848,1599,1516,20,-70
1835,1589,1502,20,-50
1822,1579,1492,20,-55
1810,1570,1481,20,-50
1797,1560,1471,19,-70
1784,1550,1457,19,-45
1772,1540,1448,19,-65
1759,1530,1435,19,-55
1746,1520,1424,19,-60
1734,1510,1412,19,-50
1721,1500,1402,19,-60
1708,1490,1390,19,-60
1675,1480,1378,19,-55
1663,1471,1367,18,-50
1650,1461,1357,18,-50
1638,1451,1347,18,-55
1626,1441,1336,18,-25
1613,1431,1331,17,-30
1601,1422,1325,17,-40
1588,1412,1317,17,-45
1578,1402,1308,16,-35
1578,1392,1301,16,-35
1578,1382,1294,16,-35
1578,1372,1287,15,-35
1578,1362,1280,15,-50
1578,1352,1270,14,-30
1578,1342,1264,14,-30
1578,1333,1258,14,-35
1578,1323,1251,13,-50
1578,1313,1241,13,-25
1578,1302,1236,13,-35
1578,1292,1229,12,-35
1578,1282,1222,12,-30
1578,1272,1216,11,-25
1578,1262,1211,11,-35
1578,1252,1204,11,-35
1578,1242,1197,10,-35
1578,1232,1190,10,-40
1578,1221,1182,10,-55
1578,1211,1171,9,-50
1578,1201,1161,9,-35
1578,1191,1154,9,-45
1578,1180,1145,8,-50
1578,1170,1135,8,-65
1578,1160,1122,8,-60
1568,1150,1110,7,-75
1568,1140,1095,7,-45
1568,1130,1086,7,-65
1568,1122,1073,6,-50
1568,1112,1063,6,-75
1568,1102,1048,6,-60
1568,1092,1036,5,-50
1568,1082,1026,5,-60
1568,1072,1014,5,-55
1568,1062,1003,5,-70
1568,1052,989,4,-55
1568,1042,978,4,-50
1568,1032,968,4,-60
1568,1022,956,4,-60
1568,1013,944,3,-50
1568,1003,934,3,-60
1568,993,922,3,-75
1568,983,907,3,-40
1568,973,899,3,-50
1568,964,889,3,-80
1568,954,873,2,-35
1568,944,866,2,-65
1568,935,853,2,-65
1568,925,840,2,-40
1568,916,832,2,-65
1568,906,819,2,-60
1568,896,807,2,-45
1568,887,798,2,-65
1568,878,785,2,-45
1568,868,776,2,-65
1568,859,763,2,-45
1568,850,754,2,-55
1568,840,743,2,-70
1568,831,729,2,-40
1568,822,721,2,-65
1568,812,708,2,-40
1568,803,700,2,-75
1568,794,685,2,-40
1568,785,677,2,-65
1568,776,664,2,-50
1568,769,654,2,-65
1568,760,641,2,-45
1568,751,632,2,-60
1568,743,620,2,-45
1568,734,611,2,-65
1568,725,598,2,-50
1568,716,588,2,-60
1568,708,576,2,-55
1568,699,565,2,-50
1568,691,555,2,-65
1568,683,542,2,-45
1568,674,533,2,-65
1568,666,520,2,-55
1568,658,509,2,-45
1568,650,500,2,-65
1568,642,487,2,-40
1568,634,479,2,-40
1568,626,471,2,-45
1568,618,462,2,-30
1568,610,456,2,-35
1568,602,449,2,-55
1568,595,438,2,-25
1568,587,433,2,-35
1568,579,426,2,-45
1568,571,417,2,-30
1568,564,411,2,-25
1568,556,406,2,-30
1568,548,400,2,-15
1568,541,397,2,-20
1568,533,393,2,-20
1568,525,389,2,-30
1568,517,383,2,-15
1568,509,380,2,-20
1568,502,376,2,-30
1568,494,370,2,-20
1568,486,366,2,-10
1568,478,364,2,-35
1568,470,357,2,-25
1568,462,352,2,-10
1568,454,350,2,-20
1568,446,346,2,-30
1568,437,340,2,-25
1568,429,335,2,-15
1568,421,332,2,-20
1568,413,328,2,-45
1568,404,319,2,-45
1568,396,310,2,-25
1568,388,305,2,-40
1568,380,297,2,-35
1568,372,290,2,-50
1568,364,280,2,-30
1568,359,274,2,-40
1568,351,266,2,-25
1568,343,261,2,-40
1568,335,253,2,-45
1568,327,244,2,-40
1568,319,236,2,-30
1568,311,230,2,-35
1568,304,223,2,-40
1568,296,215,2,-30
1568,289,209,2,-30
1568,281,203,2,-15
1568,274,200,2,-20
1568,266,196,2,-20
1568,258,192,2,-25
1568,250,187,2,-15
1568,243,184,2,-25
1568,235,179,2,-30
1568,227,173,2,-30
1568,219,167,2,-30
1568,211,161,2,-40
1568,203,153,2,-15
1568,195,150,2,-15
1568,187,147,2,-20
1568,179,143,2,-35
1568,171,136,2,-35
1568,163,129,2,-35
1568,154,122,2,-30
1568,146,116,2,-30
1568,138,110,2,-5
1568,130,109,2,-35
1568,121,102,2,-25
1568,112,97,2,-35
1568,103,90,2,-35
1568,94,83,2,-45
1568,86,74,2,-40
1568,77,66,2,-40
1568,69,58,2,-55
1568,61,47,2,-35
1568,0,40,2,-50
1568,0,30,2,-45
1568,0,21,2,-40
1568,0,13,2,-50
1568,0,3,2,-15
1568,0,0,2,0
1568,0,0,2,0
1568,0,0,2,0
1012,874,0,2,0
1012,874,0,2,0
1012,874,0,2,0
1012,874,0,2,0
1012,874,0,2,0
1012,874,0,2,5
1012,874,1,2,10
1012,874,3,2,15
1012,874,6,2,30
1012,874,12,2,15
1012,874,15,2,35
1012,874,22,2,30
1012,874,28,2,35
1012,874,35,2,45
1012,874,44,2,55
1012,874,55,2,70
1012,874,69,2,75
1012,874,84,2,55
1012,874,95,2,70
1012,874,109,2,60
1012,874,121,2,65
1012,874,134,2,70
1012,874,148,2,65
1012,874,161,2,75
1012,874,176,2,60
1012,874,188,2,80
1012,874,204,2,60
1012,874,216,2,60
1012,874,228,2,70
1012,874,242,2,70
1012,874,256,2,70
1012,874,270,2,70
1012,874,284,2,60
1012,874,296,2,70
1012,874,310,2,70
1012,874,324,2,75
1012,874,339,2,60
1012,874,351,2,65
1012,874,364,2,70
1012,874,378,2,70
1012,874,392,2,65
1012,874,405,2,60
1012,874,417,2,80
1012,874,433,2,55
1012,874,444,2,70
1012,874,458,2,80
1012,874,474,2,50
1012,874,484,2,80
1012,874,500,2,70
1012,874,514,2,60
1012,874,526,2,75
1012,874,541,2,60
1012,874,553,2,65
1012,874,566,2,75
1012,874,581,2,60
1012,874,593,2,75
1012,874,608,2,55
1012,874,619,2,85
1012,874,636,2,60
1012,874,648,2,70
1012,874,662,2,55
1012,874,673,2,80
1012,874,689,2,60
1012,874,701,2,75
1012,874,716,2,60
1012,874,728,2,75
1012,874,743,2,70
1012,874,757,2,55
1012,874,768,2,75
1012,874,783,2,40
1012,874,791,2,40
1012,874,799,2,30
1012,874,805,2,40
1012,874,813,2,45
1012,874,822,2,15
1012,874,825,2,55
1012,874,836,2,30
1568,1430,842,2,30
1568,1430,848,2,55
1568,1430,859,2,20
1568,1430,863,2,45
1568,1430,872,2,35
1568,1430,879,2,25
1568,1430,884,2,50
1568,1430,894,2,75
1568,1430,909,2,65
1568,1430,922,2,60
1568,1430,934,2,80
1568,1430,950,2,60
1568,1430,962,2,65
1568,1430,975,2,75
1568,1430,990,2,70
1568,1430,1004,2,60
1568,1430,1016,2,60
1568,1430,1028,2,80
1568,1430,1044,2,65
1568,1430,1057,2,75
1568,1430,1072,2,55
1568,1430,1083,2,60
1568,1430,1095,2,80
1578,1439,1111,2,70
1578,1439,1125,2,65
1577,1439,1138,2,70
1577,1439,1152,2,65
1577,1439,1165,2,65
1577,1428,1178,2,60
1566,1428,1190,2,75
1566,1428,1205,2,70
1566,1428,1219,2,60
1566,1418,1231,2,65
1566,1418,1244,2,65
1556,1418,1257,2,65
2222,2084,1270,2,50
2222,2084,1280,2,65
2222,2084,1293,2,55
2222,2084,1304,2,55
2222,2084,1315,2,65
2222,2084,1328,2,55
2222,2084,1339,2,60
2222,2084,1351,2,75
2222,2084,1366,2,80
2222,2079,1382,2,70
2222,2084,1396,2,45
2222,2084,1405,1,70
2222,2084,1419,1,65
2222,2084,1432,1,70
2222,2084,1446,1,60
2222,2084,1458,1,65
2222,2084,1471,1,55
2222,2084,1482,1,70
2222,2084,1496,1,60
2222,2084,1508,1,55
2222,2084,1519,0,55
2222,2084,1530,0,65
2222,2084,1543,0,90
2222,2084,1561,0,55
2222,2084,1572,0,65
2222,2084,1585,0,70
2222,2084,1599,-1,25
2222,2084,1604,-1,40
2222,2084,1612,-1,70
2222,2084,1626,-2,30
2222,2084,1632,-2,30
2222,2084,1638,-3,65
2222,2084,1651,-4,45
2222,2084,1660,-4,40
2222,2084,1668,-5,45
2222,2084,1677,-5,40
2222,2084,1685,-6,60
2222,2084,1697,-7,40
2222,2084,1705,-7,35
2222,2084,1712,-8,45
2222,2084,1721,-9,60
2222,2084,1733,-9,50
2222,2084,1743,-10,40
2222,2084,1751,-10,80
2222,2084,1767,-11,40
2222,2084,1775,-12,70
2222,2084,1789,-12,65
2222,2084,1802,-13,35
2222,2084,1809,-14,70
2222,2084,1823,-14,80
2222,2084,1839,-15,30
2222,2084,1845,-15,80
2222,2084,1861,-16,65
2222,2084,1874,-16,55
2222,2084,1885,-17,80
2222,2084,1901,-17,45
2222,2084,1910,-18,70
2222,2084,1924,-18,40
2222,2084,1932,-18,80
2222,2084,1948,-19,50
2222,2084,1958,-19,55
2222,2084,1969,-19,75
2222,2084,1984,-19,50
2222,2084,1994,-19,65
2222,2084,2007,-19,65
2222,2084,2020,-19,50
2222,2084,2030,-19,65
2222,2084,2043,-19,60
2222,2084,2055,-19,55
2222,2084,2066,-19,50
2222,2084,2076,-19,80
2222,2084,2092,-19,30
2222,2084,2098,-19,70
2222,2084,2112,-19,50
2222,2084,2122,-19,55
2222,2084,2133,-19,60
2222,2084,2145,-19,40
2222,2084,2153,-19,60
2222,2084,2165,-19,40
2222,2084,2173,-19,20
2222,2084,2177,-19,15
2222,2084,2180,-19,-10
2222,2084,2178,-19,15
2222,2084,2181,-19,15
2222,2084,2184,-19,-5
2222,2084,2183,-19,-15
2222,2084,2180,-19,-15
2222,2084,2177,-19,-20
2222,2084,2173,-19,10
2222,2084,2175,-19,-10
2222,2084,2173,-19,-5
2222,2084,2172,-19,0
2222,2084,2172,-19,-20
2222,2084,2168,-19,5
2222,2084,2169,-19,20
2222,2084,2173,-19,0
2222,2084,2173,-19,35
2222,2084,2180,-19,-10
2222,2084,2178,-19,10
2222,2084,2180,-19,15
2222,2084,2183,-19,0
2222,2084,2183,-19,15
2222,2084,2186,-18,10
2222,2084,2188,-18,-20
2222,2084,2184,-18,25
2222,2084,2189,-18,0
2222,2084,2189,-17,5
2222,2084,2190,-17,25
2222,2084,2195,-17,-20
2222,2084,2191,-16,-20
2222,2084,2187,-16,5
2222,2084,2188,-15,-40
2222,2084,2180,-15,-5
2222,2084,2179,-14,-5
2222,2084,2178,-13,-35
2222,2084,2171,-13,10
2222,2084,2173,-12,-25
2222,2084,2168,-12,-25
2222,2084,2163,-11,5
2222,2084,2164,-10,-40
2222,2084,2156,-9,0
2222,2084,2156,-8,0
2222,2084,2156,-8,-15
2222,2084,2153,-7,20
2222,2084,2157,-6,-10
2222,2084,2155,-5,0
2222,2084,2155,-5,5
2222,2084,2156,-4,-15
2222,2084,2153,-4,10
2222,2084,2155,-3,-10
2222,2084,2153,-2,-20
2222,2084,2149,-2,15
2222,2084,2152,-1,-30
2222,2084,2146,-1,10
2222,2084,2148,0,-10
2222,2084,2146,0,-20
2222,2084,2142,0,5
2222,2084,2143,0,-10
2222,2084,2141,1,0
2222,2084,2141,1,-5
2222,2084,2140,1,-20
2222,2084,2136,1,5
2222,2084,2137,2,-20
2222,2084,2133,2,-5
2222,2084,2132,2,5
2222,2084,2133,2,-25
2222,2084,2128,2,10
2222,2084,2130,2,-25
2222,2084,2125,3,10
2222,2084,2127,3,-25
2222,2084,2122,3,-10
2222,2084,2120,3,15
2222,2084,2123,3,-25
2222,2084,2118,3,-5
2222,2084,2117,3,0
2222,2084,2117,3,-25
2222,2084,2112,3,-25
2222,2084,2107,3,-25
2222,2084,2102,3,-5
2222,2084,2101,3,-25
2222,2084,2096,3,0
2222,2084,2096,3,-5
2222,2084,2095,3,-20
2222,2084,2091,3,10
2222,2084,2093,3,-35
2222,2084,2086,3,25
2222,2084,2091,3,-30
2222,2084,2085,3,5
2222,2084,2086,3,-25
2222,2084,2081,3,-45
2222,2084,2072,3,-10
2222,2084,2070,3,-55
2222,2084,2059,3,-5
2222,2084,2058,3,-40
2222,2084,2050,3,-10
2222,2084,2048,3,-20
2222,2084,2044,3,0
2222,2084,2044,3,-35
2222,2084,2037,3,15
2222,2084,2040,3,-25
2222,2084,2035,3,-5
2222,2084,2034,3,-10
2222,2084,2032,3,-15
2222,2084,2029,3,-5
2222,2084,2028,3,-10
2222,2084,2026,3,-10
2222,2084,2024,3,-5
2222,2084,2023,3,5
2222,2084,2024,3,-15
2222,2084,2021,3,5
2222,2084,2022,3,-10
2222,2084,2020,3,0
2222,2084,2020,3,-20
2222,2084,2016,3,5
2222,2084,2017,3,-15
2222,2084,2014,3,0
2222,2084,2014,3,-20
2222,2084,2010,3,0
2222,2084,2010,3,-30
2222,2084,2004,3,0
2222,2084,2004,3,-20
2222,2084,2000,4,-5
2222,2081,1999,4,-20
2222,2071,1995,4,0
2222,2060,1995,4,-20
2222,2050,1991,5,10
2222,2040,1993,5,-30
2222,2029,1987,6,0
2222,2019,1987,6,-15
2222,2009,1984,6,0
2222,1998,1984,7,-25
2222,1988,1979,7,-5
2222,1977,1978,8,-25
2222,1966,1973,8,0
2222,1956,1973,9,-50
2222,1945,1963,9,-45
2222,1934,1954,10,-60
2222,1924,1942,11,-105
2222,1913,1921,11,-70
2222,1903,1907,12,-110
2210,1892,1885,12,-75
2197,1882,1870,13,-80
2183,1871,1854,13,-95
2169,1861,1835,14,-75
2155,1850,1820,14,-100
2142,1840,1800,15,-75
2128,1830,1785,15,-90
2115,1819,1767,16,-95
2102,1809,1748,16,-75
2088,1799,1733,16,-65
2075,1789,1720,17,-65
2062,1779,1707,17,-85
2048,1769,1690,17,-60
2035,1758,1678,18,-65
2005,1748,1665,18,-75
1992,1738,1650,18,-70
1979,1728,1636,18,-80
2008,1724,1620,18,-55
1995,1714,1609,19,-75
1983,1705,1594,19,-85
1971,1695,1577,19,-70
1958,1685,1563,19,-65
1946,1675,1550,19,-80
1933,1665,1534,19,-60
1920,1656,1522,19,-45
1908,1646,1513,19,-55
1895,1636,1502,19,-55
1883,1627,1491,19,-45
1871,1617,1482,19,-35
1858,1607,1475,20,-35
1846,1598,1468,20,-45
1833,1588,1459,20,-40
1821,1578,1451,20,-40
1808,1568,1443,19,-45
1796,1559,1434,19,-40
1783,1549,1426,19,-35
1771,1539,1419,19,-20
1759,1529,1415,19,-25
1746,1520,1410,19,-25
1734,1510,1405,19,-10
1721,1500,1403,19,-25
1708,1490,1398,19,-25
1696,1480,1393,19,-25
1683,1470,1388,18,-10
1649,1460,1386,18,-15
1637,1450,1383,18,-30
1624,1440,1377,18,-15
1611,1430,1374,17,-20
1598,1419,1370,17,-5
1585,1409,1369,17,-20
1578,1399,1365,16,-20
1578,1389,1361,16,-15
1578,1378,1358,15,-15
1578,1368,1355,15,-15
1578,1357,1352,15,-25
1578,1347,1347,14,-10
1578,1336,1345,14,-15
1578,1325,1342,13,-40
1578,1315,1334,13,-60
1578,1304,1322,13,-60
1578,1293,1310,12,-80
1578,1283,1294,12,-70
1578,1272,1280,11,-65
1578,1261,1267,11,-75
1578,1251,1252,11,-60
1578,1240,1240,10,-70
1578,1230,1226,10,-75
1578,1219,1211,10,-70
1578,1209,1197,9,-65
1578,1198,1184,9,-60
1578,1188,1172,8,-60
1578,1178,1160,8,-70
1578,1167,1146,8,-60
1578,1157,1134,7,-60
1578,1146,1122,7,-55
1578,1136,1111,7,-65
1568,1129,1098,7,-75
1568,1119,1083,6,-45
1568,1108,1074,6,-60
1568,1098,1062,6,-60
1568,1088,1050,5,-65
1568,1078,1037,5,-55
1568,1068,1026,5,-55
1568,1058,1015,4,-50
1568,1047,1005,4,-75
1568,1037,990,4,-50
1568,1027,980,4,-50
1568,1017,970,3,-50
1568,1007,960,3,-75
1568,997,945,3,-55
1568,987,934,3,-25
1568,977,929,3,-50
1568,967,919,3,-35
1568,957,912,2,-35
1568,947,905,2,-50
1568,937,895,2,-45
1568,927,886,2,-20
1568,917,882,2,-50
1568,907,872,2,-35
1568,897,865,2,-35
1568,887,858,2,-45
1568,876,849,2,-40
1568,866,841,2,-25
1568,856,836,2,-55
1568,845,825,2,-30
1568,835,819,2,-45
1568,825,810,2,-45
1568,814,801,2,-50
1568,804,791,2,-75
1568,794,776,2,-40
1568,784,768,2,-65
1568,773,755,2,-45
1568,766,746,2,-60
1568,755,734,2,-65
1568,745,721,2,-35
1568,735,714,2,-75
1568,725,699,2,-35
1568,715,692,2,-75
1568,705,677,2,-40
1568,694,669,2,-70
1568,684,655,2,-35
1568,674,648,2,-75
1568,664,633,2,-45
1568,654,624,2,-60
1568,644,612,2,-50
1568,634,602,2,-60
1568,624,590,2,-55
1568,614,579,2,-50
1568,605,569,2,-65
1568,595,556,2,-45
1568,585,547,2,-65
1568,575,534,2,-55
1568,566,523,2,-50
1568,556,513,2,-65
1568,546,500,2,-50
1568,536,490,2,-55
1568,527,479,2,-55
1568,517,468,2,-50
1568,508,458,2,-65
1568,499,445,2,-55
1568,489,434,2,-50
1568,480,424,2,-55
1568,471,413,2,-70
1568,462,399,2,-15
1568,453,396,2,-50
1568,443,386,2,-40
1568,434,378,2,-35
1568,425,371,2,-30
1568,416,365,2,-45
1568,407,356,2,-45
1568,398,347,2,-25
1568,389,342,2,-35
1568,379,335,2,-50
1568,370,325,2,-35
1568,363,318,2,-40
1568,354,310,2,-50
1568,345,300,2,-65
1568,336,287,2,-55
1568,327,276,2,-55
1568,318,265,2,-50
1568,309,255,2,-50
1568,301,245,2,-60
1568,293,233,2,-60
1568,284,221,2,-55
1568,277,210,2,-50
1568,269,200,2,-60
1568,261,188,2,-45
1568,254,179,2,-65
1568,247,166,2,-50
1568,242,156,2,-55
1568,235,145,2,-50
1568,229,135,2,-40
1568,223,127,2,-20
1568,217,123,2,-10
1568,211,121,2,-20
1568,205,117,2,-10
1568,199,115,2,-25
1568,193,110,2,-25
1568,187,105,2,-25
1568,182,100,2,-15
1568,176,97,2,-25
1568,170,92,2,-25
1568,165,87,2,-20
1568,159,83,2,-30
1568,154,77,2,-10
1568,149,75,2,-25
1568,144,70,2,-30
1568,139,64,2,-20
1568,134,60,2,-20
1568,130,56,2,-15
1568,126,53,2,-25
1568,121,48,2,-25
1568,118,43,2,-5
1568,114,42,2,0
1568,110,42,2,-5
1568,106,41,2,0
1568,101,41,2,-5
1568,97,40,2,-10
1568,93,38,2,0
1568,89,38,2,0
1568,84,38,2,-5
1568,79,37,2,-20
1568,74,33,2,-20
1568,70,29,2,-45
1568,67,20,2,-50
1568,65,10,2,-45
1568,65,1,2,-5
1568,65,0,2,0
1568,65,0,2,0
1012,874,0,2,0
1012,874,0,2,0
1012,874,0,2,0
1012,874,0,2,0
1012,874,0,2,0
1012,874,0,2,10
1012,874,2,2,5
1012,874,3,2,15
1012,874,6,2,20
1012,874,10,2,25
1012,874,15,2,30
1012,874,21,2,35
1012,874,28,2,35
1012,874,35,2,25
1012,874,40,2,45
1012,874,49,2,25
1012,874,54,2,50
1012,874,64,2,60
1012,874,76,2,70
1012,874,90,2,70
1012,874,104,2,60
1012,874,116,2,65
1012,874,129,2,75
1012,874,144,2,70
1012,874,158,2,65
1012,874,171,2,70
1012,874,185,2,70
1012,874,199,2,60
1012,874,211,2,65
1012,874,224,2,70
1012,874,238,2,75
1012,874,253,2,70
1012,874,267,2,60
1012,874,279,2,70
1012,874,293,2,60
1012,874,305,2,80
1012,874,321,2,65
1012,874,334,2,60
1012,874,346,2,75
1012,874,361,2,65
1012,874,374,2,65
1012,874,387,2,65
1012,874,400,2,75
1012,874,415,2,65
1012,874,428,2,60
1012,874,440,2,75
1012,874,455,2,70
1012,874,469,2,60
1012,874,481,2,80
1012,874,497,2,60
1012,874,509,2,60
1012,874,521,2,85
1012,874,538,2,50
1012,874,548,2,80
1012,874,564,2,60
1012,874,576,2,65
1012,874,589,2,80
1012,874,605,2,55
1012,874,616,2,80
1012,874,632,2,60
1012,874,644,2,75
1012,874,659,2,50
1012,874,669,2,90
1012,874,687,2,60
1012,874,699,2,75
1012,874,714,2,60
1012,874,726,2,75
1012,874,741,2,70
1012,874,755,2,60
1012,874,767,2,80
1012,874,783,2,60
1012,874,795,2,80
1012,874,811,2,60
1012,874,823,2,70
1012,874,837,2,70
1012,874,851,2,30
1012,874,857,2,40
1012,874,865,2,40
1568,1430,873,2,25
1568,1430,878,2,50
1568,1430,888,2,20
1568,1430,892,2,-20
1568,1430,888,2,10
1568,1430,890,2,15
1568,1430,893,2,5
1568,1430,894,2,55
1568,1430,905,2,65
1568,1430,918,2,50
1568,1430,928,2,90
1568,1430,946,2,100
1568,1430,966,2,80
1568,1430,982,2,95
1568,1430,1001,2,85
1568,1430,1018,2,95
1568,1430,1037,2,75
1568,1430,1052,2,90
1568,1430,1070,2,90
1568,1430,1088,2,80
1568,1430,1104,2,90
1578,1440,1122,2,80
1578,1440,1138,2,90
1578,1439,1156,2,80
1577,1439,1172,2,80
1577,1439,1188,2,90
1577,1439,1206,2,70
1577,1428,1220,2,80
1577,1428,1236,2,75
1566,1428,1251,2,80
1566,1428,1267,2,80
1566,1418,1283,2,80
1566,1418,1299,2,75
1556,1418,1314,2,70
2222,2084,1328,2,70
2222,2084,1342,2,80
2222,2084,1358,2,55
2222,2084,1369,2,55
2222,2084,1380,2,50
2222,2084,1390,2,60
2222,2084,1402,2,55
2222,2084,1413,2,90
2222,2084,1431,2,65
2222,2084,1444,2,60
2222,2084,1456,2,40
2222,2084,1464,1,85
2222,2084,1481,1,55
2222,2084,1492,1,60
2222,2084,1504,1,55
2222,2084,1515,1,60
2222,2084,1527,1,60
2222,2084,1539,1,70
2222,2084,1553,1,55
2222,2084,1564,0,65
2222,2084,1577,0,45
2222,2084,1586,0,90
2222,2084,1604,0,55
2222,2084,1615,0,70
2222,2084,1629,0,65
2222,2084,1642,0,35
2222,2084,1649,-1,60
2222,2084,1661,-1,75
2222,2084,1676,-2,40
2222,2084,1684,-2,40
2222,2084,1692,-3,70
2222,2084,1706,-4,60
2222,2084,1718,-4,50
2222,2084,1728,-5,50
2222,2084,1738,-5,65
2222,2084,1751,-6,50
2222,2084,1761,-7,50
2222,2084,1771,-7,60
2222,2084,1783,-8,55
2222,2084,1794,-9,50
2222,2084,1804,-9,80
2222,2084,1820,-10,50
2222,2084,1830,-11,60
2222,2084,1842,-11,70
2222,2084,1856,-12,40
2222,2084,1864,-13,65
2222,2084,1877,-13,50
2222,2084,1887,-14,70
2222,2084,1901,-15,65
2222,2084,1914,-15,45
2222,2084,1923,-16,70
2222,2084,1937,-16,50
2222,2084,1947,-17,80
2222,2084,1963,-17,45
2222,2084,1972,-18,70
2222,2084,1986,-18,40
2222,2084,1994,-18,75
2222,2084,2009,-19,35
2222,2084,2016,-19,45
2222,2084,2025,-19,5
2222,2084,2026,-19,5
2222,2084,2027,-19,-10
2222,2084,2025,-19,45
2222,2084,2034,-19,-15
2222,2084,2031,-19,25
2222,2084,2036,-19,10
2222,2084,2038,-19,10
2222,2084,2040,-19,-5
2222,2084,2039,-19,30
2222,2084,2045,-19,0
2222,2084,2045,-19,10
2222,2084,2047,-19,15
2222,2084,2050,-19,0
2222,2084,2050,-19,20
2222,2084,2054,-19,5
2222,2084,2055,-19,5
2222,2084,2056,-19,5
2222,2084,2057,-19,25
2222,2084,2062,-19,-10
2222,2084,2060,-19,25
2222,2084,2065,-19,5
2222,2084,2066,-19,10
2222,2084,2068,-19,10
2222,2084,2070,-19,15
2222,2084,2073,-19,-10
2222,2084,2071,-19,25
2222,2084,2076,-19,10
2222,2084,2078,-19,10
2222,2084,2080,-19,20
2222,2084,2084,-19,0
2222,2084,2084,-19,25
2222,2084,2089,-19,10
2222,2084,2091,-19,10
2222,2084,2093,-19,20
2222,2084,2097,-19,5
2222,2084,2098,-19,35
2222,2084,2105,-19,-10
2222,2084,2103,-19,20
2222,2084,2107,-19,5
2222,2084,2108,-19,10
2222,2084,2110,-19,10
2222,2084,2112,-18,5
2222,2084,2113,-18,5
2222,2084,2114,-18,0
2222,2084,2114,-18,10
2222,2084,2116,-17,-25
2222,2084,2111,-17,-15
2222,2084,2108,-17,0
2222,2084,2108,-16,-25
2222,2084,2103,-16,0
2222,2084,2103,-15,-25
2222,2084,2098,-15,-10
2222,2084,2096,-14,0
2222,2084,2096,-14,-35
2222,2084,2089,-13,10
2222,2084,2091,-13,-35
2222,2084,2084,-12,0
2222,2084,2084,-11,-20
2222,2084,2080,-11,-5
2222,2084,2079,-10,-30
2222,2084,2073,-9,15
2222,2084,2076,-9,15
2222,2084,2079,-8,-20
2222,2084,2075,-7,20
2222,2084,2079,-6,-30
2222,2084,2073,-6,25
2222,2084,2078,-5,-10
2222,2084,2076,-4,0
2222,2084,2076,-4,0
2222,2084,2076,-3,-5
2222,2084,2075,-3,-5
2222,2084,2074,-2,-15
2222,2084,2071,-1,5
2222,2084,2072,-1,-10
2222,2084,2070,0,-5
2222,2084,2069,0,-15
2222,2084,2066,0,0
2222,2084,2066,0,-10
2222,2084,2064,0,0
2222,2084,2064,1,-10
2222,2084,2062,1,-5
2222,2084,2061,1,0
2222,2084,2061,2,-30
2222,2084,2055,2,10
2222,2084,2057,2,-20
2222,2084,2053,2,15
2222,2084,2056,2,-30
2222,2084,2050,2,10
2222,2084,2052,2,-15
2222,2084,2049,2,-5
2222,2084,2048,3,-20
2222,2084,2044,3,5
2222,2084,2045,3,0
2222,2084,2045,3,-20
2222,2084,2041,3,5
2222,2084,2042,3,-25
2222,2084,2037,3,5
2222,2084,2038,3,-40
2222,2084,2030,3,-5
2222,2084,2029,3,-30
2222,2084,2023,3,0
2222,2084,2023,3,-15
2222,2084,2020,3,-5
2222,2084,2019,3,-25
2222,2084,2014,3,10
2222,2084,2016,3,-20
2222,2084,2012,3,10
2222,2084,2014,3,-20
2222,2084,2010,3,5
2222,2084,2011,3,-25
2222,2084,2006,3,10
2222,2084,2008,3,-25
2222,2084,2003,3,5
2222,2084,2004,3,-25
2222,2084,1999,3,20
2222,2084,2003,3,-30
2222,2084,1997,3,0
2222,2084,1997,3,-20
2222,2084,1993,3,-5
2222,2084,1992,3,-25
2222,2084,1987,3,5
2222,2084,1988,3,-20
2222,2084,1984,3,0
2222,2084,1984,3,-20
2222,2084,1980,3,-5
2222,2084,1979,3,-10
2222,2084,1977,3,-5
2222,2084,1976,3,-15
2222,2084,1973,3,0
2222,2084,1973,3,-15
2222,2084,1970,3,15
2222,2084,1973,3,-25
2222,2084,1968,3,15
2222,2084,1971,3,-10
2222,2084,1969,3,-5
2222,2084,1968,3,-10
2222,2084,1966,3,-10
2222,2084,1964,3,0
2222,2084,1964,3,-20
2222,2084,1960,3,5
2222,2084,1961,3,-30
2222,2084,1955,3,0
2222,2084,1955,3,-20
2222,2084,1951,3,-10
2222,2084,1949,4,-20
2222,2078,1945,4,5
2222,2068,1946,4,-20
2222,2058,1942,5,-5
2222,2048,1941,5,0
2222,2038,1941,5,-20
2222,2028,1937,6,-5
2222,2018,1936,6,-20
2222,2008,1932,6,5
2222,1998,1933,7,-30
2222,1987,1927,7,0
2222,1977,1927,8,-25
2222,1967,1922,8,0
2222,1956,1922,9,-20
2222,1946,1918,9,-15
2222,1936,1915,10,0
2222,1925,1915,10,-50
2222,1914,1905,11,-35
2222,1904,1898,12,-70
2212,1893,1884,12,-80
2198,1883,1868,13,-60
2184,1873,1856,13,-85
2171,1862,1839,14,-70
2157,1852,1825,14,-55
2144,1841,1814,15,-80
2130,1831,1798,15,-70
2116,1821,1784,16,-80
2103,1810,1768,16,-70
2089,1800,1754,16,-70
2076,1790,1740,17,-70
2062,1779,1726,17,-80
2049,1769,1710,17,-65
2036,1759,1697,18,-70
2022,1749,1683,18,-75
2009,1739,1668,18,-75
1979,1729,1653,18,-70
2009,1725,1639,18,-65
1996,1715,1626,19,-80
1983,1704,1610,19,-80
1970,1694,1594,19,-75
1957,1684,1579,19,-65
1945,1675,1566,19,-75
1932,1665,1551,19,-75
1919,1655,1536,19,-65
1907,1645,1523,19,-85
1895,1635,1506,19,-70
1882,1626,1492,19,-60
1869,1616,1480,19,-50
1857,1606,1470,20,-50
1845,1597,1460,20,-70
1832,1587,1446,20,-50
1820,1577,1436,20,-55
1808,1568,1425,19,-45
1796,1558,1416,19,-45
1783,1549,1407,19,-30
1771,1539,1401,19,-50
1759,1530,1391,19,-45
1726,1520,1382,19,-35
1713,1510,1375,19,-40
1701,1501,1367,19,-40
1689,1491,1359,19,-50
1677,1481,1349,19,-40
1664,1472,1341,18,-30
1652,1462,1335,18,-35
1640,1452,1328,18,-50
1628,1443,1318,18,-35
1615,1433,1311,17,-40
1603,1423,1303,17,-30
1591,1414,1297,17,-45
1578,1404,1288,16,-30
1578,1394,1282,16,-40
1578,1385,1274,16,-40
1578,1375,1266,15,-35
1578,1365,1259,15,-35
1578,1355,1252,15,-40
1578,1346,1244,14,-35
1578,1336,1237,14,-30
1578,1326,1231,13,-45
1578,1316,1222,13,-35
1578,1306,1215,13,-25
1578,1297,1210,12,-35
1578,1287,1203,12,-35
1578,1277,1196,12,-30
1578,1267,1190,11,-30
1578,1257,1184,11,-45
1578,1247,1175,11,-30
1578,1237,1169,10,-30
1578,1227,1163,10,-45
1578,1217,1154,9,-35
1578,1207,1147,9,-50
1578,1197,1137,9,-40
1578,1187,1129,8,-60
1578,1177,1117,8,-65
1568,1167,1104,8,-60
1568,1157,1092,7,-60
1568,1147,1080,7,-60
1568,1137,1068,7,-70
1568,1130,1054,7,-55
1568,1120,1043,6,-60
1568,1111,1031,6,-60
1568,1101,1019,6,-65
1568,1091,1006,5,-60
1568,1081,994,5,-50
1568,1072,984,5,-50
1568,1062,974,5,-70
1568,1053,960,4,-65
1568,1043,947,4,-45
1568,1033,938,4,-60
1568,1024,926,4,-65
1568,1014,913,3,-45
1568,1005,904,3,-55
1568,995,893,3,-75
1568,986,878,3,-45
1568,977,869,3,-45
1568,967,860,3,-45
1568,958,851,2,-25
1568,949,846,2,-45
1568,939,837,2,-50
1568,930,827,2,-25
1568,920,822,2,-55
1568,911,811,2,-25
1568,901,806,2,-40
1568,892,798,2,-55
1568,883,787,2,-30
1568,873,781,2,-70
1568,864,767,2,-35
1568,855,760,2,-75
1568,845,745,2,-45
1568,836,736,2,-60
1568,827,724,2,-55
1568,817,713,2,-45
1568,808,704,2,-75
1568,799,689,2,-35
1568,790,682,2,-70
1568,781,668,2,-45
1568,774,659,2,-60
1568,765,647,2,-55
1568,756,636,2,-55
1568,747,625,2,-55
1568,739,614,2,-55
1568,730,603,2,-60
1568,721,591,2,-45
1568,713,582,2,-55
1568,704,571,2,-35
1568,696,564,2,-45
1568,687,555,2,-25
1568,679,550,2,-25
1568,670,545,2,-25
1568,662,540,2,-15
1568,653,537,2,-30
1568,644,531,2,-20
1568,636,527,2,-15
1568,627,524,2,-35
1568,618,517,2,-10
1568,609,515,2,-30
1568,600,509,2,-20
1568,591,505,2,-20
1568,582,501,2,-35
1568,573,494,2,-10
1568,564,492,2,-20
1568,555,488,2,-35
1568,545,481,2,-10
1568,536,479,2,-50
1568,527,469,2,-35
1568,517,462,2,-30
1568,508,456,2,-50
1568,499,446,2,-35
1568,489,439,2,-30
1568,480,433,2,-45
1568,470,424,2,-40
1568,461,416,2,-30
1568,451,410,2,-40
1568,442,402,2,-45
1568,432,393,2,-35
1568,423,386,2,-30
1568,413,380,2,-45
1568,403,371,2,-30
1568,393,365,2,-35
1568,384,358,2,-45
1568,374,349,2,-45
1568,364,340,2,-45
1568,358,331,2,-55
1568,348,320,2,-50
1568,339,310,2,-70
1568,329,296,2,-40
1568,320,288,2,-60
1568,311,276,2,-45
1568,301,267,2,-65
1568,292,254,2,-55
1568,283,243,2,-50
1568,275,233,2,-60
1568,266,221,2,-50
1568,258,211,2,-55
1568,249,200,2,-55
1568,242,189,2,-60
1568,234,177,2,-50
1568,227,167,2,-35
1568,219,160,2,-45
1568,212,151,2,-20
1568,204,147,2,-20
1568,196,143,2,-15
1568,189,140,2,-10
1568,181,138,2,-20
1568,173,134,2,-15
1568,165,131,2,-25
1568,157,126,2,-30
1568,148,120,2,-35
1568,140,113,2,-40
1568,131,105,2,-35
1568,123,98,2,-45
1568,116,89,2,-50
1568,108,79,2,-40
1568,101,71,2,-35
1568,94,64,2,-30
1568,87,58,2,-25
1568,81,53,2,-20
1568,74,49,2,5
1568,66,50,2,-10
1568,59,48,2,0
1568,0,48,2,-5
1568,0,47,2,-10
1568,0,45,2,-20
1568,0,41,2,-50
1568,0,31,2,-60
1568,0,19,2,-65
1568,0,6,2,-30
1568,0,0,2,0
1568,0,0,2,0
1568,0,0,2,0
